2025-10-16 19:35:35 | [33mWARNING[0m | rag_pipeline | create_default_admin:215 | Failed to create default admin user: password cannot be longer than 72 bytes, truncate manually if necessary (e.g. my_password[:72])
2025-10-16 19:35:35 | [32mINFO[0m | rag_pipeline | log_startup:251 | ================================================================================
2025-10-16 19:35:35 | [32mINFO[0m | rag_pipeline | log_startup:252 | RAG Pipeline Server Starting
2025-10-16 19:35:35 | [32mINFO[0m | rag_pipeline | log_startup:253 | Timestamp: 2025-10-16 19:35:35
2025-10-16 19:35:35 | [32mINFO[0m | rag_pipeline | log_startup:254 | Logs Directory: /Users/usman/Documents/Projects/rag-pipeline/logs
2025-10-16 19:35:35 | [32mINFO[0m | rag_pipeline | log_startup:255 | ================================================================================
2025-10-16 19:35:48 | [32mINFO[0m | rag_pipeline | log_shutdown:260 | ================================================================================
2025-10-16 19:35:48 | [32mINFO[0m | rag_pipeline | log_shutdown:261 | RAG Pipeline Server Shutting Down
2025-10-16 19:35:48 | [32mINFO[0m | rag_pipeline | log_shutdown:262 | Timestamp: 2025-10-16 19:35:48
2025-10-16 19:35:48 | [32mINFO[0m | rag_pipeline | log_shutdown:263 | ================================================================================
2025-10-16 19:35:49 | [33mWARNING[0m | rag_pipeline | create_default_admin:218 | Failed to create default admin user: password cannot be longer than 72 bytes, truncate manually if necessary (e.g. my_password[:72])
2025-10-16 19:35:49 | [32mINFO[0m | rag_pipeline | log_startup:251 | ================================================================================
2025-10-16 19:35:49 | [32mINFO[0m | rag_pipeline | log_startup:252 | RAG Pipeline Server Starting
2025-10-16 19:35:49 | [32mINFO[0m | rag_pipeline | log_startup:253 | Timestamp: 2025-10-16 19:35:49
2025-10-16 19:35:49 | [32mINFO[0m | rag_pipeline | log_startup:254 | Logs Directory: /Users/usman/Documents/Projects/rag-pipeline/logs
2025-10-16 19:35:49 | [32mINFO[0m | rag_pipeline | log_startup:255 | ================================================================================
2025-10-16 19:35:59 | [32mINFO[0m | rag_pipeline | log_shutdown:260 | ================================================================================
2025-10-16 19:35:59 | [32mINFO[0m | rag_pipeline | log_shutdown:261 | RAG Pipeline Server Shutting Down
2025-10-16 19:35:59 | [32mINFO[0m | rag_pipeline | log_shutdown:262 | Timestamp: 2025-10-16 19:35:59
2025-10-16 19:35:59 | [32mINFO[0m | rag_pipeline | log_shutdown:263 | ================================================================================
2025-10-16 19:36:00 | [32mINFO[0m | rag_pipeline | log_startup:251 | ================================================================================
2025-10-16 19:36:00 | [32mINFO[0m | rag_pipeline | log_startup:252 | RAG Pipeline Server Starting
2025-10-16 19:36:00 | [32mINFO[0m | rag_pipeline | log_startup:253 | Timestamp: 2025-10-16 19:36:00
2025-10-16 19:36:00 | [32mINFO[0m | rag_pipeline | log_startup:254 | Logs Directory: /Users/usman/Documents/Projects/rag-pipeline/logs
2025-10-16 19:36:00 | [32mINFO[0m | rag_pipeline | log_startup:255 | ================================================================================
2025-10-16 19:36:10 | [32mINFO[0m | rag_pipeline | log_shutdown:260 | ================================================================================
2025-10-16 19:36:10 | [32mINFO[0m | rag_pipeline | log_shutdown:261 | RAG Pipeline Server Shutting Down
2025-10-16 19:36:10 | [32mINFO[0m | rag_pipeline | log_shutdown:262 | Timestamp: 2025-10-16 19:36:10
2025-10-16 19:36:10 | [32mINFO[0m | rag_pipeline | log_shutdown:263 | ================================================================================
2025-10-16 19:36:11 | [32mINFO[0m | rag_pipeline | log_startup:251 | ================================================================================
2025-10-16 19:36:11 | [32mINFO[0m | rag_pipeline | log_startup:252 | RAG Pipeline Server Starting
2025-10-16 19:36:11 | [32mINFO[0m | rag_pipeline | log_startup:253 | Timestamp: 2025-10-16 19:36:11
2025-10-16 19:36:11 | [32mINFO[0m | rag_pipeline | log_startup:254 | Logs Directory: /Users/usman/Documents/Projects/rag-pipeline/logs
2025-10-16 19:36:11 | [32mINFO[0m | rag_pipeline | log_startup:255 | ================================================================================
2025-10-16 19:36:39 | [32mINFO[0m | rag_pipeline | log_shutdown:260 | ================================================================================
2025-10-16 19:36:39 | [32mINFO[0m | rag_pipeline | log_shutdown:261 | RAG Pipeline Server Shutting Down
2025-10-16 19:36:39 | [32mINFO[0m | rag_pipeline | log_shutdown:262 | Timestamp: 2025-10-16 19:36:39
2025-10-16 19:36:39 | [32mINFO[0m | rag_pipeline | log_shutdown:263 | ================================================================================
2025-10-16 19:36:40 | [32mINFO[0m | rag_pipeline | log_startup:251 | ================================================================================
2025-10-16 19:36:40 | [32mINFO[0m | rag_pipeline | log_startup:252 | RAG Pipeline Server Starting
2025-10-16 19:36:40 | [32mINFO[0m | rag_pipeline | log_startup:253 | Timestamp: 2025-10-16 19:36:40
2025-10-16 19:36:40 | [32mINFO[0m | rag_pipeline | log_startup:254 | Logs Directory: /Users/usman/Documents/Projects/rag-pipeline/logs
2025-10-16 19:36:40 | [32mINFO[0m | rag_pipeline | log_startup:255 | ================================================================================
2025-10-16 19:36:42 | [32mINFO[0m | rag_pipeline | log_startup:251 | ================================================================================
2025-10-16 19:36:42 | [32mINFO[0m | rag_pipeline | log_startup:252 | RAG Pipeline Server Starting
2025-10-16 19:36:42 | [32mINFO[0m | rag_pipeline | log_startup:253 | Timestamp: 2025-10-16 19:36:42
2025-10-16 19:36:42 | [32mINFO[0m | rag_pipeline | log_startup:254 | Logs Directory: /Users/usman/Documents/Projects/rag-pipeline/logs
2025-10-16 19:36:42 | [32mINFO[0m | rag_pipeline | log_startup:255 | ================================================================================
2025-10-16 19:38:11 | [32mINFO[0m | rag_pipeline | log_shutdown:260 | ================================================================================
2025-10-16 19:38:11 | [32mINFO[0m | rag_pipeline | log_shutdown:261 | RAG Pipeline Server Shutting Down
2025-10-16 19:38:11 | [32mINFO[0m | rag_pipeline | log_shutdown:262 | Timestamp: 2025-10-16 19:38:11
2025-10-16 19:38:11 | [32mINFO[0m | rag_pipeline | log_shutdown:263 | ================================================================================
2025-10-16 19:38:12 | [32mINFO[0m | rag_pipeline | log_startup:251 | ================================================================================
2025-10-16 19:38:12 | [32mINFO[0m | rag_pipeline | log_startup:252 | RAG Pipeline Server Starting
2025-10-16 19:38:12 | [32mINFO[0m | rag_pipeline | log_startup:253 | Timestamp: 2025-10-16 19:38:12
2025-10-16 19:38:12 | [32mINFO[0m | rag_pipeline | log_startup:254 | Logs Directory: /Users/usman/Documents/Projects/rag-pipeline/logs
2025-10-16 19:38:12 | [32mINFO[0m | rag_pipeline | log_startup:255 | ================================================================================
2025-10-16 19:38:20 | [32mINFO[0m | rag_pipeline | log_shutdown:260 | ================================================================================
2025-10-16 19:38:20 | [32mINFO[0m | rag_pipeline | log_shutdown:261 | RAG Pipeline Server Shutting Down
2025-10-16 19:38:20 | [32mINFO[0m | rag_pipeline | log_shutdown:262 | Timestamp: 2025-10-16 19:38:20
2025-10-16 19:38:20 | [32mINFO[0m | rag_pipeline | log_shutdown:263 | ================================================================================
2025-10-16 19:38:21 | [32mINFO[0m | rag_pipeline | log_startup:251 | ================================================================================
2025-10-16 19:38:21 | [32mINFO[0m | rag_pipeline | log_startup:252 | RAG Pipeline Server Starting
2025-10-16 19:38:21 | [32mINFO[0m | rag_pipeline | log_startup:253 | Timestamp: 2025-10-16 19:38:21
2025-10-16 19:38:21 | [32mINFO[0m | rag_pipeline | log_startup:254 | Logs Directory: /Users/usman/Documents/Projects/rag-pipeline/logs
2025-10-16 19:38:21 | [32mINFO[0m | rag_pipeline | log_startup:255 | ================================================================================
2025-10-16 19:38:37 | [32mINFO[0m | rag_pipeline | log_shutdown:260 | ================================================================================
2025-10-16 19:38:37 | [32mINFO[0m | rag_pipeline | log_shutdown:261 | RAG Pipeline Server Shutting Down
2025-10-16 19:38:37 | [32mINFO[0m | rag_pipeline | log_shutdown:262 | Timestamp: 2025-10-16 19:38:37
2025-10-16 19:38:37 | [32mINFO[0m | rag_pipeline | log_shutdown:263 | ================================================================================
2025-10-16 19:38:38 | [32mINFO[0m | rag_pipeline | log_startup:251 | ================================================================================
2025-10-16 19:38:38 | [32mINFO[0m | rag_pipeline | log_startup:252 | RAG Pipeline Server Starting
2025-10-16 19:38:38 | [32mINFO[0m | rag_pipeline | log_startup:253 | Timestamp: 2025-10-16 19:38:38
2025-10-16 19:38:38 | [32mINFO[0m | rag_pipeline | log_startup:254 | Logs Directory: /Users/usman/Documents/Projects/rag-pipeline/logs
2025-10-16 19:38:38 | [32mINFO[0m | rag_pipeline | log_startup:255 | ================================================================================
2025-10-16 19:39:04 | [32mINFO[0m | rag_pipeline | log_shutdown:260 | ================================================================================
2025-10-16 19:39:04 | [32mINFO[0m | rag_pipeline | log_shutdown:261 | RAG Pipeline Server Shutting Down
2025-10-16 19:39:04 | [32mINFO[0m | rag_pipeline | log_shutdown:262 | Timestamp: 2025-10-16 19:39:04
2025-10-16 19:39:04 | [32mINFO[0m | rag_pipeline | log_shutdown:263 | ================================================================================
2025-10-16 19:39:05 | [32mINFO[0m | rag_pipeline | log_startup:251 | ================================================================================
2025-10-16 19:39:05 | [32mINFO[0m | rag_pipeline | log_startup:252 | RAG Pipeline Server Starting
2025-10-16 19:39:05 | [32mINFO[0m | rag_pipeline | log_startup:253 | Timestamp: 2025-10-16 19:39:05
2025-10-16 19:39:05 | [32mINFO[0m | rag_pipeline | log_startup:254 | Logs Directory: /Users/usman/Documents/Projects/rag-pipeline/logs
2025-10-16 19:39:05 | [32mINFO[0m | rag_pipeline | log_startup:255 | ================================================================================
2025-10-16 19:39:34 | [32mINFO[0m | rag_pipeline | log_shutdown:260 | ================================================================================
2025-10-16 19:39:34 | [32mINFO[0m | rag_pipeline | log_shutdown:261 | RAG Pipeline Server Shutting Down
2025-10-16 19:39:34 | [32mINFO[0m | rag_pipeline | log_shutdown:262 | Timestamp: 2025-10-16 19:39:34
2025-10-16 19:39:34 | [32mINFO[0m | rag_pipeline | log_shutdown:263 | ================================================================================
2025-10-16 19:39:35 | [32mINFO[0m | rag_pipeline | log_startup:251 | ================================================================================
2025-10-16 19:39:35 | [32mINFO[0m | rag_pipeline | log_startup:252 | RAG Pipeline Server Starting
2025-10-16 19:39:35 | [32mINFO[0m | rag_pipeline | log_startup:253 | Timestamp: 2025-10-16 19:39:35
2025-10-16 19:39:35 | [32mINFO[0m | rag_pipeline | log_startup:254 | Logs Directory: /Users/usman/Documents/Projects/rag-pipeline/logs
2025-10-16 19:39:35 | [32mINFO[0m | rag_pipeline | log_startup:255 | ================================================================================
2025-10-16 19:39:49 | [32mINFO[0m | rag_pipeline | log_shutdown:260 | ================================================================================
2025-10-16 19:39:49 | [32mINFO[0m | rag_pipeline | log_shutdown:261 | RAG Pipeline Server Shutting Down
2025-10-16 19:39:49 | [32mINFO[0m | rag_pipeline | log_shutdown:262 | Timestamp: 2025-10-16 19:39:49
2025-10-16 19:39:49 | [32mINFO[0m | rag_pipeline | log_shutdown:263 | ================================================================================
2025-10-16 19:39:50 | [32mINFO[0m | rag_pipeline | log_startup:251 | ================================================================================
2025-10-16 19:39:50 | [32mINFO[0m | rag_pipeline | log_startup:252 | RAG Pipeline Server Starting
2025-10-16 19:39:50 | [32mINFO[0m | rag_pipeline | log_startup:253 | Timestamp: 2025-10-16 19:39:50
2025-10-16 19:39:50 | [32mINFO[0m | rag_pipeline | log_startup:254 | Logs Directory: /Users/usman/Documents/Projects/rag-pipeline/logs
2025-10-16 19:39:50 | [32mINFO[0m | rag_pipeline | log_startup:255 | ================================================================================
2025-10-16 19:39:56 | [32mINFO[0m | rag_pipeline | log_shutdown:260 | ================================================================================
2025-10-16 19:39:56 | [32mINFO[0m | rag_pipeline | log_shutdown:261 | RAG Pipeline Server Shutting Down
2025-10-16 19:39:56 | [32mINFO[0m | rag_pipeline | log_shutdown:262 | Timestamp: 2025-10-16 19:39:56
2025-10-16 19:39:56 | [32mINFO[0m | rag_pipeline | log_shutdown:263 | ================================================================================
2025-10-16 19:41:06 | [32mINFO[0m | rag_pipeline | log_startup:251 | ================================================================================
2025-10-16 19:41:06 | [32mINFO[0m | rag_pipeline | log_startup:252 | RAG Pipeline Server Starting
2025-10-16 19:41:06 | [32mINFO[0m | rag_pipeline | log_startup:253 | Timestamp: 2025-10-16 19:41:06
2025-10-16 19:41:06 | [32mINFO[0m | rag_pipeline | log_startup:254 | Logs Directory: /Users/usman/Documents/Projects/rag-pipeline/logs
2025-10-16 19:41:06 | [32mINFO[0m | rag_pipeline | log_startup:255 | ================================================================================
2025-10-16 19:41:16 | [32mINFO[0m | rag_pipeline | log_shutdown:260 | ================================================================================
2025-10-16 19:41:16 | [32mINFO[0m | rag_pipeline | log_shutdown:261 | RAG Pipeline Server Shutting Down
2025-10-16 19:41:16 | [32mINFO[0m | rag_pipeline | log_shutdown:262 | Timestamp: 2025-10-16 19:41:16
2025-10-16 19:41:16 | [32mINFO[0m | rag_pipeline | log_shutdown:263 | ================================================================================
2025-10-16 19:41:17 | [32mINFO[0m | rag_pipeline | log_startup:251 | ================================================================================
2025-10-16 19:41:17 | [32mINFO[0m | rag_pipeline | log_startup:252 | RAG Pipeline Server Starting
2025-10-16 19:41:17 | [32mINFO[0m | rag_pipeline | log_startup:253 | Timestamp: 2025-10-16 19:41:17
2025-10-16 19:41:17 | [32mINFO[0m | rag_pipeline | log_startup:254 | Logs Directory: /Users/usman/Documents/Projects/rag-pipeline/logs
2025-10-16 19:41:17 | [32mINFO[0m | rag_pipeline | log_startup:255 | ================================================================================
2025-10-16 19:41:34 | [32mINFO[0m | rag_pipeline | log_shutdown:260 | ================================================================================
2025-10-16 19:41:34 | [32mINFO[0m | rag_pipeline | log_shutdown:261 | RAG Pipeline Server Shutting Down
2025-10-16 19:41:34 | [32mINFO[0m | rag_pipeline | log_shutdown:262 | Timestamp: 2025-10-16 19:41:34
2025-10-16 19:41:34 | [32mINFO[0m | rag_pipeline | log_shutdown:263 | ================================================================================
2025-10-16 19:41:35 | [32mINFO[0m | rag_pipeline | log_startup:251 | ================================================================================
2025-10-16 19:41:35 | [32mINFO[0m | rag_pipeline | log_startup:252 | RAG Pipeline Server Starting
2025-10-16 19:41:35 | [32mINFO[0m | rag_pipeline | log_startup:253 | Timestamp: 2025-10-16 19:41:35
2025-10-16 19:41:35 | [32mINFO[0m | rag_pipeline | log_startup:254 | Logs Directory: /Users/usman/Documents/Projects/rag-pipeline/logs
2025-10-16 19:41:35 | [32mINFO[0m | rag_pipeline | log_startup:255 | ================================================================================
2025-10-16 19:41:50 | [32mINFO[0m | rag_pipeline | log_shutdown:260 | ================================================================================
2025-10-16 19:41:50 | [32mINFO[0m | rag_pipeline | log_shutdown:261 | RAG Pipeline Server Shutting Down
2025-10-16 19:41:50 | [32mINFO[0m | rag_pipeline | log_shutdown:262 | Timestamp: 2025-10-16 19:41:50
2025-10-16 19:41:50 | [32mINFO[0m | rag_pipeline | log_shutdown:263 | ================================================================================
2025-10-16 19:41:51 | [32mINFO[0m | rag_pipeline | log_startup:251 | ================================================================================
2025-10-16 19:41:51 | [32mINFO[0m | rag_pipeline | log_startup:252 | RAG Pipeline Server Starting
2025-10-16 19:41:51 | [32mINFO[0m | rag_pipeline | log_startup:253 | Timestamp: 2025-10-16 19:41:51
2025-10-16 19:41:51 | [32mINFO[0m | rag_pipeline | log_startup:254 | Logs Directory: /Users/usman/Documents/Projects/rag-pipeline/logs
2025-10-16 19:41:51 | [32mINFO[0m | rag_pipeline | log_startup:255 | ================================================================================
2025-10-16 19:42:04 | [32mINFO[0m | rag_pipeline | log_shutdown:260 | ================================================================================
2025-10-16 19:42:04 | [32mINFO[0m | rag_pipeline | log_shutdown:261 | RAG Pipeline Server Shutting Down
2025-10-16 19:42:04 | [32mINFO[0m | rag_pipeline | log_shutdown:262 | Timestamp: 2025-10-16 19:42:04
2025-10-16 19:42:04 | [32mINFO[0m | rag_pipeline | log_shutdown:263 | ================================================================================
2025-10-16 19:42:05 | [32mINFO[0m | rag_pipeline | log_startup:251 | ================================================================================
2025-10-16 19:42:05 | [32mINFO[0m | rag_pipeline | log_startup:252 | RAG Pipeline Server Starting
2025-10-16 19:42:05 | [32mINFO[0m | rag_pipeline | log_startup:253 | Timestamp: 2025-10-16 19:42:05
2025-10-16 19:42:05 | [32mINFO[0m | rag_pipeline | log_startup:254 | Logs Directory: /Users/usman/Documents/Projects/rag-pipeline/logs
2025-10-16 19:42:05 | [32mINFO[0m | rag_pipeline | log_startup:255 | ================================================================================
2025-10-16 19:42:18 | [32mINFO[0m | rag_pipeline | log_shutdown:260 | ================================================================================
2025-10-16 19:42:18 | [32mINFO[0m | rag_pipeline | log_shutdown:261 | RAG Pipeline Server Shutting Down
2025-10-16 19:42:18 | [32mINFO[0m | rag_pipeline | log_shutdown:262 | Timestamp: 2025-10-16 19:42:18
2025-10-16 19:42:18 | [32mINFO[0m | rag_pipeline | log_shutdown:263 | ================================================================================
2025-10-16 19:42:19 | [32mINFO[0m | rag_pipeline | log_startup:251 | ================================================================================
2025-10-16 19:42:19 | [32mINFO[0m | rag_pipeline | log_startup:252 | RAG Pipeline Server Starting
2025-10-16 19:42:19 | [32mINFO[0m | rag_pipeline | log_startup:253 | Timestamp: 2025-10-16 19:42:19
2025-10-16 19:42:19 | [32mINFO[0m | rag_pipeline | log_startup:254 | Logs Directory: /Users/usman/Documents/Projects/rag-pipeline/logs
2025-10-16 19:42:19 | [32mINFO[0m | rag_pipeline | log_startup:255 | ================================================================================
2025-10-16 19:42:34 | [32mINFO[0m | rag_pipeline | log_shutdown:260 | ================================================================================
2025-10-16 19:42:34 | [32mINFO[0m | rag_pipeline | log_shutdown:261 | RAG Pipeline Server Shutting Down
2025-10-16 19:42:34 | [32mINFO[0m | rag_pipeline | log_shutdown:262 | Timestamp: 2025-10-16 19:42:34
2025-10-16 19:42:34 | [32mINFO[0m | rag_pipeline | log_shutdown:263 | ================================================================================
2025-10-16 19:42:35 | [32mINFO[0m | rag_pipeline | log_startup:251 | ================================================================================
2025-10-16 19:42:35 | [32mINFO[0m | rag_pipeline | log_startup:252 | RAG Pipeline Server Starting
2025-10-16 19:42:35 | [32mINFO[0m | rag_pipeline | log_startup:253 | Timestamp: 2025-10-16 19:42:35
2025-10-16 19:42:35 | [32mINFO[0m | rag_pipeline | log_startup:254 | Logs Directory: /Users/usman/Documents/Projects/rag-pipeline/logs
2025-10-16 19:42:35 | [32mINFO[0m | rag_pipeline | log_startup:255 | ================================================================================
2025-10-16 19:42:39 | [32mINFO[0m | rag_pipeline | log_startup:251 | ================================================================================
2025-10-16 19:42:39 | [32mINFO[0m | rag_pipeline | log_startup:252 | RAG Pipeline Server Starting
2025-10-16 19:42:39 | [32mINFO[0m | rag_pipeline | log_startup:253 | Timestamp: 2025-10-16 19:42:39
2025-10-16 19:42:39 | [32mINFO[0m | rag_pipeline | log_startup:254 | Logs Directory: /Users/usman/Documents/Projects/rag-pipeline/logs
2025-10-16 19:42:39 | [32mINFO[0m | rag_pipeline | log_startup:255 | ================================================================================
2025-10-16 19:43:20 | [32mINFO[0m | rag_pipeline | log_shutdown:260 | ================================================================================
2025-10-16 19:43:20 | [32mINFO[0m | rag_pipeline | log_shutdown:261 | RAG Pipeline Server Shutting Down
2025-10-16 19:43:20 | [32mINFO[0m | rag_pipeline | log_shutdown:262 | Timestamp: 2025-10-16 19:43:20
2025-10-16 19:43:20 | [32mINFO[0m | rag_pipeline | log_shutdown:263 | ================================================================================
2025-10-16 19:43:21 | [32mINFO[0m | rag_pipeline | log_startup:251 | ================================================================================
2025-10-16 19:43:21 | [32mINFO[0m | rag_pipeline | log_startup:252 | RAG Pipeline Server Starting
2025-10-16 19:43:21 | [32mINFO[0m | rag_pipeline | log_startup:253 | Timestamp: 2025-10-16 19:43:21
2025-10-16 19:43:21 | [32mINFO[0m | rag_pipeline | log_startup:254 | Logs Directory: /Users/usman/Documents/Projects/rag-pipeline/logs
2025-10-16 19:43:21 | [32mINFO[0m | rag_pipeline | log_startup:255 | ================================================================================
2025-10-16 19:43:30 | [32mINFO[0m | rag_pipeline | log_shutdown:260 | ================================================================================
2025-10-16 19:43:30 | [32mINFO[0m | rag_pipeline | log_shutdown:261 | RAG Pipeline Server Shutting Down
2025-10-16 19:43:30 | [32mINFO[0m | rag_pipeline | log_shutdown:262 | Timestamp: 2025-10-16 19:43:30
2025-10-16 19:43:30 | [32mINFO[0m | rag_pipeline | log_shutdown:263 | ================================================================================
2025-10-16 19:43:30 | [32mINFO[0m | rag_pipeline | log_startup:251 | ================================================================================
2025-10-16 19:43:30 | [32mINFO[0m | rag_pipeline | log_startup:252 | RAG Pipeline Server Starting
2025-10-16 19:43:30 | [32mINFO[0m | rag_pipeline | log_startup:253 | Timestamp: 2025-10-16 19:43:30
2025-10-16 19:43:30 | [32mINFO[0m | rag_pipeline | log_startup:254 | Logs Directory: /Users/usman/Documents/Projects/rag-pipeline/logs
2025-10-16 19:43:30 | [32mINFO[0m | rag_pipeline | log_startup:255 | ================================================================================
2025-10-16 19:43:40 | [32mINFO[0m | rag_pipeline | log_shutdown:260 | ================================================================================
2025-10-16 19:43:40 | [32mINFO[0m | rag_pipeline | log_shutdown:261 | RAG Pipeline Server Shutting Down
2025-10-16 19:43:40 | [32mINFO[0m | rag_pipeline | log_shutdown:262 | Timestamp: 2025-10-16 19:43:40
2025-10-16 19:43:40 | [32mINFO[0m | rag_pipeline | log_shutdown:263 | ================================================================================
2025-10-16 19:43:41 | [32mINFO[0m | rag_pipeline | log_startup:251 | ================================================================================
2025-10-16 19:43:41 | [32mINFO[0m | rag_pipeline | log_startup:252 | RAG Pipeline Server Starting
2025-10-16 19:43:41 | [32mINFO[0m | rag_pipeline | log_startup:253 | Timestamp: 2025-10-16 19:43:41
2025-10-16 19:43:41 | [32mINFO[0m | rag_pipeline | log_startup:254 | Logs Directory: /Users/usman/Documents/Projects/rag-pipeline/logs
2025-10-16 19:43:41 | [32mINFO[0m | rag_pipeline | log_startup:255 | ================================================================================
2025-10-16 19:44:00 | [32mINFO[0m | rag_pipeline | log_shutdown:260 | ================================================================================
2025-10-16 19:44:00 | [32mINFO[0m | rag_pipeline | log_shutdown:261 | RAG Pipeline Server Shutting Down
2025-10-16 19:44:00 | [32mINFO[0m | rag_pipeline | log_shutdown:262 | Timestamp: 2025-10-16 19:44:00
2025-10-16 19:44:00 | [32mINFO[0m | rag_pipeline | log_shutdown:263 | ================================================================================
2025-10-16 19:44:01 | [32mINFO[0m | rag_pipeline | log_startup:251 | ================================================================================
2025-10-16 19:44:01 | [32mINFO[0m | rag_pipeline | log_startup:252 | RAG Pipeline Server Starting
2025-10-16 19:44:01 | [32mINFO[0m | rag_pipeline | log_startup:253 | Timestamp: 2025-10-16 19:44:01
2025-10-16 19:44:01 | [32mINFO[0m | rag_pipeline | log_startup:254 | Logs Directory: /Users/usman/Documents/Projects/rag-pipeline/logs
2025-10-16 19:44:01 | [32mINFO[0m | rag_pipeline | log_startup:255 | ================================================================================
2025-10-16 19:45:22 | [32mINFO[0m | rag_pipeline | log_shutdown:260 | ================================================================================
2025-10-16 19:45:22 | [32mINFO[0m | rag_pipeline | log_shutdown:261 | RAG Pipeline Server Shutting Down
2025-10-16 19:45:22 | [32mINFO[0m | rag_pipeline | log_shutdown:262 | Timestamp: 2025-10-16 19:45:22
2025-10-16 19:45:22 | [32mINFO[0m | rag_pipeline | log_shutdown:263 | ================================================================================
2025-10-16 19:45:23 | [32mINFO[0m | rag_pipeline | log_startup:251 | ================================================================================
2025-10-16 19:45:23 | [32mINFO[0m | rag_pipeline | log_startup:252 | RAG Pipeline Server Starting
2025-10-16 19:45:23 | [32mINFO[0m | rag_pipeline | log_startup:253 | Timestamp: 2025-10-16 19:45:23
2025-10-16 19:45:23 | [32mINFO[0m | rag_pipeline | log_startup:254 | Logs Directory: /Users/usman/Documents/Projects/rag-pipeline/logs
2025-10-16 19:45:23 | [32mINFO[0m | rag_pipeline | log_startup:255 | ================================================================================
2025-10-16 19:45:32 | [32mINFO[0m | rag_pipeline | log_shutdown:260 | ================================================================================
2025-10-16 19:45:32 | [32mINFO[0m | rag_pipeline | log_shutdown:261 | RAG Pipeline Server Shutting Down
2025-10-16 19:45:32 | [32mINFO[0m | rag_pipeline | log_shutdown:262 | Timestamp: 2025-10-16 19:45:32
2025-10-16 19:45:32 | [32mINFO[0m | rag_pipeline | log_shutdown:263 | ================================================================================
2025-10-16 19:45:32 | [32mINFO[0m | rag_pipeline | log_startup:251 | ================================================================================
2025-10-16 19:45:32 | [32mINFO[0m | rag_pipeline | log_startup:252 | RAG Pipeline Server Starting
2025-10-16 19:45:32 | [32mINFO[0m | rag_pipeline | log_startup:253 | Timestamp: 2025-10-16 19:45:32
2025-10-16 19:45:32 | [32mINFO[0m | rag_pipeline | log_startup:254 | Logs Directory: /Users/usman/Documents/Projects/rag-pipeline/logs
2025-10-16 19:45:32 | [32mINFO[0m | rag_pipeline | log_startup:255 | ================================================================================
2025-10-16 19:45:48 | [32mINFO[0m | rag_pipeline | log_shutdown:260 | ================================================================================
2025-10-16 19:45:48 | [32mINFO[0m | rag_pipeline | log_shutdown:261 | RAG Pipeline Server Shutting Down
2025-10-16 19:45:48 | [32mINFO[0m | rag_pipeline | log_shutdown:262 | Timestamp: 2025-10-16 19:45:48
2025-10-16 19:45:48 | [32mINFO[0m | rag_pipeline | log_shutdown:263 | ================================================================================
2025-10-16 19:45:49 | [32mINFO[0m | rag_pipeline | log_startup:251 | ================================================================================
2025-10-16 19:45:49 | [32mINFO[0m | rag_pipeline | log_startup:252 | RAG Pipeline Server Starting
2025-10-16 19:45:49 | [32mINFO[0m | rag_pipeline | log_startup:253 | Timestamp: 2025-10-16 19:45:49
2025-10-16 19:45:49 | [32mINFO[0m | rag_pipeline | log_startup:254 | Logs Directory: /Users/usman/Documents/Projects/rag-pipeline/logs
2025-10-16 19:45:49 | [32mINFO[0m | rag_pipeline | log_startup:255 | ================================================================================
2025-10-16 19:46:06 | [32mINFO[0m | rag_pipeline | log_shutdown:260 | ================================================================================
2025-10-16 19:46:06 | [32mINFO[0m | rag_pipeline | log_shutdown:261 | RAG Pipeline Server Shutting Down
2025-10-16 19:46:06 | [32mINFO[0m | rag_pipeline | log_shutdown:262 | Timestamp: 2025-10-16 19:46:06
2025-10-16 19:46:06 | [32mINFO[0m | rag_pipeline | log_shutdown:263 | ================================================================================
2025-10-16 19:46:06 | [32mINFO[0m | rag_pipeline | log_startup:251 | ================================================================================
2025-10-16 19:46:06 | [32mINFO[0m | rag_pipeline | log_startup:252 | RAG Pipeline Server Starting
2025-10-16 19:46:06 | [32mINFO[0m | rag_pipeline | log_startup:253 | Timestamp: 2025-10-16 19:46:06
2025-10-16 19:46:06 | [32mINFO[0m | rag_pipeline | log_startup:254 | Logs Directory: /Users/usman/Documents/Projects/rag-pipeline/logs
2025-10-16 19:46:06 | [32mINFO[0m | rag_pipeline | log_startup:255 | ================================================================================
2025-10-16 19:46:50 | [32mINFO[0m | rag_pipeline | log_shutdown:260 | ================================================================================
2025-10-16 19:46:50 | [32mINFO[0m | rag_pipeline | log_shutdown:261 | RAG Pipeline Server Shutting Down
2025-10-16 19:46:50 | [32mINFO[0m | rag_pipeline | log_shutdown:262 | Timestamp: 2025-10-16 19:46:50
2025-10-16 19:46:50 | [32mINFO[0m | rag_pipeline | log_shutdown:263 | ================================================================================
2025-10-16 19:46:50 | [32mINFO[0m | rag_pipeline | log_startup:251 | ================================================================================
2025-10-16 19:46:50 | [32mINFO[0m | rag_pipeline | log_startup:252 | RAG Pipeline Server Starting
2025-10-16 19:46:50 | [32mINFO[0m | rag_pipeline | log_startup:253 | Timestamp: 2025-10-16 19:46:50
2025-10-16 19:46:50 | [32mINFO[0m | rag_pipeline | log_startup:254 | Logs Directory: /Users/usman/Documents/Projects/rag-pipeline/logs
2025-10-16 19:46:50 | [32mINFO[0m | rag_pipeline | log_startup:255 | ================================================================================
2025-10-16 19:46:58 | [32mINFO[0m | rag_pipeline | log_shutdown:260 | ================================================================================
2025-10-16 19:46:58 | [32mINFO[0m | rag_pipeline | log_shutdown:261 | RAG Pipeline Server Shutting Down
2025-10-16 19:46:58 | [32mINFO[0m | rag_pipeline | log_shutdown:262 | Timestamp: 2025-10-16 19:46:58
2025-10-16 19:46:58 | [32mINFO[0m | rag_pipeline | log_shutdown:263 | ================================================================================
2025-10-16 19:46:59 | [32mINFO[0m | rag_pipeline | log_startup:251 | ================================================================================
2025-10-16 19:46:59 | [32mINFO[0m | rag_pipeline | log_startup:252 | RAG Pipeline Server Starting
2025-10-16 19:46:59 | [32mINFO[0m | rag_pipeline | log_startup:253 | Timestamp: 2025-10-16 19:46:59
2025-10-16 19:46:59 | [32mINFO[0m | rag_pipeline | log_startup:254 | Logs Directory: /Users/usman/Documents/Projects/rag-pipeline/logs
2025-10-16 19:46:59 | [32mINFO[0m | rag_pipeline | log_startup:255 | ================================================================================
2025-10-16 19:47:11 | [32mINFO[0m | rag_pipeline | log_shutdown:260 | ================================================================================
2025-10-16 19:47:11 | [32mINFO[0m | rag_pipeline | log_shutdown:261 | RAG Pipeline Server Shutting Down
2025-10-16 19:47:11 | [32mINFO[0m | rag_pipeline | log_shutdown:262 | Timestamp: 2025-10-16 19:47:11
2025-10-16 19:47:11 | [32mINFO[0m | rag_pipeline | log_shutdown:263 | ================================================================================
2025-10-16 19:47:11 | [32mINFO[0m | rag_pipeline | log_startup:251 | ================================================================================
2025-10-16 19:47:11 | [32mINFO[0m | rag_pipeline | log_startup:252 | RAG Pipeline Server Starting
2025-10-16 19:47:11 | [32mINFO[0m | rag_pipeline | log_startup:253 | Timestamp: 2025-10-16 19:47:11
2025-10-16 19:47:11 | [32mINFO[0m | rag_pipeline | log_startup:254 | Logs Directory: /Users/usman/Documents/Projects/rag-pipeline/logs
2025-10-16 19:47:11 | [32mINFO[0m | rag_pipeline | log_startup:255 | ================================================================================
2025-10-16 19:47:19 | [32mINFO[0m | rag_pipeline | log_startup:251 | ================================================================================
2025-10-16 19:47:19 | [32mINFO[0m | rag_pipeline | log_startup:252 | RAG Pipeline Server Starting
2025-10-16 19:47:19 | [32mINFO[0m | rag_pipeline | log_startup:253 | Timestamp: 2025-10-16 19:47:19
2025-10-16 19:47:19 | [32mINFO[0m | rag_pipeline | log_startup:254 | Logs Directory: /Users/usman/Documents/Projects/rag-pipeline/logs
2025-10-16 19:47:19 | [32mINFO[0m | rag_pipeline | log_startup:255 | ================================================================================
2025-10-16 19:47:21 | [32mINFO[0m | rag_pipeline | log_startup:251 | ================================================================================
2025-10-16 19:47:21 | [32mINFO[0m | rag_pipeline | log_startup:252 | RAG Pipeline Server Starting
2025-10-16 19:47:21 | [32mINFO[0m | rag_pipeline | log_startup:253 | Timestamp: 2025-10-16 19:47:21
2025-10-16 19:47:21 | [32mINFO[0m | rag_pipeline | log_startup:254 | Logs Directory: /Users/usman/Documents/Projects/rag-pipeline/logs
2025-10-16 19:47:21 | [32mINFO[0m | rag_pipeline | log_startup:255 | ================================================================================
2025-10-16 19:47:49 | [32mINFO[0m | rag_pipeline | log_shutdown:260 | ================================================================================
2025-10-16 19:47:49 | [32mINFO[0m | rag_pipeline | log_shutdown:261 | RAG Pipeline Server Shutting Down
2025-10-16 19:47:49 | [32mINFO[0m | rag_pipeline | log_shutdown:262 | Timestamp: 2025-10-16 19:47:49
2025-10-16 19:47:49 | [32mINFO[0m | rag_pipeline | log_shutdown:263 | ================================================================================
2025-10-16 19:47:50 | [32mINFO[0m | rag_pipeline | log_startup:251 | ================================================================================
2025-10-16 19:47:50 | [32mINFO[0m | rag_pipeline | log_startup:252 | RAG Pipeline Server Starting
2025-10-16 19:47:50 | [32mINFO[0m | rag_pipeline | log_startup:253 | Timestamp: 2025-10-16 19:47:50
2025-10-16 19:47:50 | [32mINFO[0m | rag_pipeline | log_startup:254 | Logs Directory: /Users/usman/Documents/Projects/rag-pipeline/logs
2025-10-16 19:47:50 | [32mINFO[0m | rag_pipeline | log_startup:255 | ================================================================================
2025-10-16 19:49:53 | [32mINFO[0m | rag_pipeline | log_shutdown:260 | ================================================================================
2025-10-16 19:49:53 | [32mINFO[0m | rag_pipeline | log_shutdown:261 | RAG Pipeline Server Shutting Down
2025-10-16 19:49:53 | [32mINFO[0m | rag_pipeline | log_shutdown:262 | Timestamp: 2025-10-16 19:49:53
2025-10-16 19:49:53 | [32mINFO[0m | rag_pipeline | log_shutdown:263 | ================================================================================
2025-10-16 19:49:54 | [32mINFO[0m | rag_pipeline | log_startup:251 | ================================================================================
2025-10-16 19:49:54 | [32mINFO[0m | rag_pipeline | log_startup:252 | RAG Pipeline Server Starting
2025-10-16 19:49:54 | [32mINFO[0m | rag_pipeline | log_startup:253 | Timestamp: 2025-10-16 19:49:54
2025-10-16 19:49:54 | [32mINFO[0m | rag_pipeline | log_startup:254 | Logs Directory: /Users/usman/Documents/Projects/rag-pipeline/logs
2025-10-16 19:49:54 | [32mINFO[0m | rag_pipeline | log_startup:255 | ================================================================================
2025-10-16 19:50:19 | [32mINFO[0m | rag_pipeline | log_shutdown:260 | ================================================================================
2025-10-16 19:50:19 | [32mINFO[0m | rag_pipeline | log_shutdown:261 | RAG Pipeline Server Shutting Down
2025-10-16 19:50:19 | [32mINFO[0m | rag_pipeline | log_shutdown:262 | Timestamp: 2025-10-16 19:50:19
2025-10-16 19:50:19 | [32mINFO[0m | rag_pipeline | log_shutdown:263 | ================================================================================
2025-10-16 19:50:19 | [32mINFO[0m | rag_pipeline | log_startup:251 | ================================================================================
2025-10-16 19:50:19 | [32mINFO[0m | rag_pipeline | log_startup:252 | RAG Pipeline Server Starting
2025-10-16 19:50:19 | [32mINFO[0m | rag_pipeline | log_startup:253 | Timestamp: 2025-10-16 19:50:19
2025-10-16 19:50:19 | [32mINFO[0m | rag_pipeline | log_startup:254 | Logs Directory: /Users/usman/Documents/Projects/rag-pipeline/logs
2025-10-16 19:50:19 | [32mINFO[0m | rag_pipeline | log_startup:255 | ================================================================================
2025-10-16 19:50:42 | [32mINFO[0m | rag_pipeline | log_shutdown:260 | ================================================================================
2025-10-16 19:50:42 | [32mINFO[0m | rag_pipeline | log_shutdown:261 | RAG Pipeline Server Shutting Down
2025-10-16 19:50:42 | [32mINFO[0m | rag_pipeline | log_shutdown:262 | Timestamp: 2025-10-16 19:50:42
2025-10-16 19:50:42 | [32mINFO[0m | rag_pipeline | log_shutdown:263 | ================================================================================
2025-10-16 19:50:43 | [32mINFO[0m | rag_pipeline | log_startup:251 | ================================================================================
2025-10-16 19:50:43 | [32mINFO[0m | rag_pipeline | log_startup:252 | RAG Pipeline Server Starting
2025-10-16 19:50:43 | [32mINFO[0m | rag_pipeline | log_startup:253 | Timestamp: 2025-10-16 19:50:43
2025-10-16 19:50:43 | [32mINFO[0m | rag_pipeline | log_startup:254 | Logs Directory: /Users/usman/Documents/Projects/rag-pipeline/logs
2025-10-16 19:50:43 | [32mINFO[0m | rag_pipeline | log_startup:255 | ================================================================================
2025-10-16 19:51:09 | [32mINFO[0m | rag_pipeline | dispatch:23 | Request started: GET /docs [127.0.0.1]
2025-10-16 19:51:09 | [32mINFO[0m | rag_pipeline | dispatch:36 | Request completed: GET /docs -> 200 (0.97ms) [127.0.0.1]
2025-10-16 19:51:09 | [32mINFO[0m | rag_pipeline | dispatch:23 | Request started: GET /openapi.json [127.0.0.1]
2025-10-16 19:51:09 | [32mINFO[0m | rag_pipeline | dispatch:36 | Request completed: GET /openapi.json -> 200 (14.48ms) [127.0.0.1]
2025-10-16 19:53:52 | [32mINFO[0m | rag_pipeline | log_shutdown:260 | ================================================================================
2025-10-16 19:53:52 | [32mINFO[0m | rag_pipeline | log_shutdown:261 | RAG Pipeline Server Shutting Down
2025-10-16 19:53:52 | [32mINFO[0m | rag_pipeline | log_shutdown:262 | Timestamp: 2025-10-16 19:53:52
2025-10-16 19:53:52 | [32mINFO[0m | rag_pipeline | log_shutdown:263 | ================================================================================
2025-10-16 19:53:53 | [32mINFO[0m | rag_pipeline | log_startup:251 | ================================================================================
2025-10-16 19:53:53 | [32mINFO[0m | rag_pipeline | log_startup:252 | RAG Pipeline Server Starting
2025-10-16 19:53:53 | [32mINFO[0m | rag_pipeline | log_startup:253 | Timestamp: 2025-10-16 19:53:53
2025-10-16 19:53:53 | [32mINFO[0m | rag_pipeline | log_startup:254 | Logs Directory: /Users/usman/Documents/Projects/rag-pipeline/logs
2025-10-16 19:53:53 | [32mINFO[0m | rag_pipeline | log_startup:255 | ================================================================================
2025-10-16 19:54:00 | [32mINFO[0m | rag_pipeline | log_shutdown:260 | ================================================================================
2025-10-16 19:54:00 | [32mINFO[0m | rag_pipeline | log_shutdown:261 | RAG Pipeline Server Shutting Down
2025-10-16 19:54:00 | [32mINFO[0m | rag_pipeline | log_shutdown:262 | Timestamp: 2025-10-16 19:54:00
2025-10-16 19:54:00 | [32mINFO[0m | rag_pipeline | log_shutdown:263 | ================================================================================
2025-10-16 19:54:01 | [32mINFO[0m | rag_pipeline | log_startup:251 | ================================================================================
2025-10-16 19:54:01 | [32mINFO[0m | rag_pipeline | log_startup:252 | RAG Pipeline Server Starting
2025-10-16 19:54:01 | [32mINFO[0m | rag_pipeline | log_startup:253 | Timestamp: 2025-10-16 19:54:01
2025-10-16 19:54:01 | [32mINFO[0m | rag_pipeline | log_startup:254 | Logs Directory: /Users/usman/Documents/Projects/rag-pipeline/logs
2025-10-16 19:54:01 | [32mINFO[0m | rag_pipeline | log_startup:255 | ================================================================================
2025-10-16 19:54:33 | [32mINFO[0m | rag_pipeline | log_shutdown:260 | ================================================================================
2025-10-16 19:54:33 | [32mINFO[0m | rag_pipeline | log_shutdown:261 | RAG Pipeline Server Shutting Down
2025-10-16 19:54:33 | [32mINFO[0m | rag_pipeline | log_shutdown:262 | Timestamp: 2025-10-16 19:54:33
2025-10-16 19:54:33 | [32mINFO[0m | rag_pipeline | log_shutdown:263 | ================================================================================
2025-10-16 19:54:34 | [32mINFO[0m | rag_pipeline | log_startup:251 | ================================================================================
2025-10-16 19:54:34 | [32mINFO[0m | rag_pipeline | log_startup:252 | RAG Pipeline Server Starting
2025-10-16 19:54:34 | [32mINFO[0m | rag_pipeline | log_startup:253 | Timestamp: 2025-10-16 19:54:34
2025-10-16 19:54:34 | [32mINFO[0m | rag_pipeline | log_startup:254 | Logs Directory: /Users/usman/Documents/Projects/rag-pipeline/logs
2025-10-16 19:54:34 | [32mINFO[0m | rag_pipeline | log_startup:255 | ================================================================================
2025-10-16 19:54:46 | [32mINFO[0m | rag_pipeline | log_shutdown:260 | ================================================================================
2025-10-16 19:54:46 | [32mINFO[0m | rag_pipeline | log_shutdown:261 | RAG Pipeline Server Shutting Down
2025-10-16 19:54:46 | [32mINFO[0m | rag_pipeline | log_shutdown:262 | Timestamp: 2025-10-16 19:54:46
2025-10-16 19:54:46 | [32mINFO[0m | rag_pipeline | log_shutdown:263 | ================================================================================
2025-10-16 19:54:47 | [32mINFO[0m | rag_pipeline | log_startup:251 | ================================================================================
2025-10-16 19:54:47 | [32mINFO[0m | rag_pipeline | log_startup:252 | RAG Pipeline Server Starting
2025-10-16 19:54:47 | [32mINFO[0m | rag_pipeline | log_startup:253 | Timestamp: 2025-10-16 19:54:47
2025-10-16 19:54:47 | [32mINFO[0m | rag_pipeline | log_startup:254 | Logs Directory: /Users/usman/Documents/Projects/rag-pipeline/logs
2025-10-16 19:54:47 | [32mINFO[0m | rag_pipeline | log_startup:255 | ================================================================================
2025-10-16 19:55:00 | [32mINFO[0m | rag_pipeline | log_shutdown:260 | ================================================================================
2025-10-16 19:55:00 | [32mINFO[0m | rag_pipeline | log_shutdown:261 | RAG Pipeline Server Shutting Down
2025-10-16 19:55:00 | [32mINFO[0m | rag_pipeline | log_shutdown:262 | Timestamp: 2025-10-16 19:55:00
2025-10-16 19:55:00 | [32mINFO[0m | rag_pipeline | log_shutdown:263 | ================================================================================
2025-10-16 19:55:00 | [32mINFO[0m | rag_pipeline | log_startup:251 | ================================================================================
2025-10-16 19:55:00 | [32mINFO[0m | rag_pipeline | log_startup:252 | RAG Pipeline Server Starting
2025-10-16 19:55:00 | [32mINFO[0m | rag_pipeline | log_startup:253 | Timestamp: 2025-10-16 19:55:00
2025-10-16 19:55:00 | [32mINFO[0m | rag_pipeline | log_startup:254 | Logs Directory: /Users/usman/Documents/Projects/rag-pipeline/logs
2025-10-16 19:55:00 | [32mINFO[0m | rag_pipeline | log_startup:255 | ================================================================================
2025-10-16 19:55:18 | [32mINFO[0m | rag_pipeline | log_shutdown:260 | ================================================================================
2025-10-16 19:55:18 | [32mINFO[0m | rag_pipeline | log_shutdown:261 | RAG Pipeline Server Shutting Down
2025-10-16 19:55:18 | [32mINFO[0m | rag_pipeline | log_shutdown:262 | Timestamp: 2025-10-16 19:55:18
2025-10-16 19:55:18 | [32mINFO[0m | rag_pipeline | log_shutdown:263 | ================================================================================
2025-10-16 19:55:19 | [32mINFO[0m | rag_pipeline | log_startup:251 | ================================================================================
2025-10-16 19:55:19 | [32mINFO[0m | rag_pipeline | log_startup:252 | RAG Pipeline Server Starting
2025-10-16 19:55:19 | [32mINFO[0m | rag_pipeline | log_startup:253 | Timestamp: 2025-10-16 19:55:19
2025-10-16 19:55:19 | [32mINFO[0m | rag_pipeline | log_startup:254 | Logs Directory: /Users/usman/Documents/Projects/rag-pipeline/logs
2025-10-16 19:55:19 | [32mINFO[0m | rag_pipeline | log_startup:255 | ================================================================================
2025-10-16 19:55:27 | [32mINFO[0m | rag_pipeline | log_startup:251 | ================================================================================
2025-10-16 19:55:27 | [32mINFO[0m | rag_pipeline | log_startup:252 | RAG Pipeline Server Starting
2025-10-16 19:55:27 | [32mINFO[0m | rag_pipeline | log_startup:253 | Timestamp: 2025-10-16 19:55:27
2025-10-16 19:55:27 | [32mINFO[0m | rag_pipeline | log_startup:254 | Logs Directory: /Users/usman/Documents/Projects/rag-pipeline/logs
2025-10-16 19:55:27 | [32mINFO[0m | rag_pipeline | log_startup:255 | ================================================================================
2025-10-16 19:55:32 | [32mINFO[0m | rag_pipeline | log_startup:251 | ================================================================================
2025-10-16 19:55:32 | [32mINFO[0m | rag_pipeline | log_startup:252 | RAG Pipeline Server Starting
2025-10-16 19:55:32 | [32mINFO[0m | rag_pipeline | log_startup:253 | Timestamp: 2025-10-16 19:55:32
2025-10-16 19:55:32 | [32mINFO[0m | rag_pipeline | log_startup:254 | Logs Directory: /Users/usman/Documents/Projects/rag-pipeline/logs
2025-10-16 19:55:32 | [32mINFO[0m | rag_pipeline | log_startup:255 | ================================================================================
2025-10-16 19:58:17 | [32mINFO[0m | rag_pipeline | log_shutdown:260 | ================================================================================
2025-10-16 19:58:17 | [32mINFO[0m | rag_pipeline | log_shutdown:261 | RAG Pipeline Server Shutting Down
2025-10-16 19:58:17 | [32mINFO[0m | rag_pipeline | log_shutdown:262 | Timestamp: 2025-10-16 19:58:17
2025-10-16 19:58:17 | [32mINFO[0m | rag_pipeline | log_shutdown:263 | ================================================================================
2025-10-16 19:58:18 | [32mINFO[0m | rag_pipeline | log_startup:251 | ================================================================================
2025-10-16 19:58:18 | [32mINFO[0m | rag_pipeline | log_startup:252 | RAG Pipeline Server Starting
2025-10-16 19:58:18 | [32mINFO[0m | rag_pipeline | log_startup:253 | Timestamp: 2025-10-16 19:58:18
2025-10-16 19:58:18 | [32mINFO[0m | rag_pipeline | log_startup:254 | Logs Directory: /Users/usman/Documents/Projects/rag-pipeline/logs
2025-10-16 19:58:18 | [32mINFO[0m | rag_pipeline | log_startup:255 | ================================================================================
2025-10-16 19:58:21 | [32mINFO[0m | rag_pipeline | log_startup:251 | ================================================================================
2025-10-16 19:58:21 | [32mINFO[0m | rag_pipeline | log_startup:252 | RAG Pipeline Server Starting
2025-10-16 19:58:21 | [32mINFO[0m | rag_pipeline | log_startup:253 | Timestamp: 2025-10-16 19:58:21
2025-10-16 19:58:21 | [32mINFO[0m | rag_pipeline | log_startup:254 | Logs Directory: /Users/usman/Documents/Projects/rag-pipeline/logs
2025-10-16 19:58:21 | [32mINFO[0m | rag_pipeline | log_startup:255 | ================================================================================
2025-10-16 19:58:32 | [32mINFO[0m | rag_pipeline | log_shutdown:260 | ================================================================================
2025-10-16 19:58:32 | [32mINFO[0m | rag_pipeline | log_shutdown:261 | RAG Pipeline Server Shutting Down
2025-10-16 19:58:32 | [32mINFO[0m | rag_pipeline | log_shutdown:262 | Timestamp: 2025-10-16 19:58:32
2025-10-16 19:58:32 | [32mINFO[0m | rag_pipeline | log_shutdown:263 | ================================================================================
2025-10-16 19:58:33 | [32mINFO[0m | rag_pipeline | log_startup:251 | ================================================================================
2025-10-16 19:58:33 | [32mINFO[0m | rag_pipeline | log_startup:252 | RAG Pipeline Server Starting
2025-10-16 19:58:33 | [32mINFO[0m | rag_pipeline | log_startup:253 | Timestamp: 2025-10-16 19:58:33
2025-10-16 19:58:33 | [32mINFO[0m | rag_pipeline | log_startup:254 | Logs Directory: /Users/usman/Documents/Projects/rag-pipeline/logs
2025-10-16 19:58:33 | [32mINFO[0m | rag_pipeline | log_startup:255 | ================================================================================
2025-10-16 19:58:38 | [32mINFO[0m | rag_pipeline | log_startup:251 | ================================================================================
2025-10-16 19:58:38 | [32mINFO[0m | rag_pipeline | log_startup:252 | RAG Pipeline Server Starting
2025-10-16 19:58:38 | [32mINFO[0m | rag_pipeline | log_startup:253 | Timestamp: 2025-10-16 19:58:38
2025-10-16 19:58:38 | [32mINFO[0m | rag_pipeline | log_startup:254 | Logs Directory: /Users/usman/Documents/Projects/rag-pipeline/logs
2025-10-16 19:58:38 | [32mINFO[0m | rag_pipeline | log_startup:255 | ================================================================================
2025-10-16 20:00:11 | [32mINFO[0m | rag_pipeline | log_shutdown:260 | ================================================================================
2025-10-16 20:00:11 | [32mINFO[0m | rag_pipeline | log_shutdown:261 | RAG Pipeline Server Shutting Down
2025-10-16 20:00:11 | [32mINFO[0m | rag_pipeline | log_shutdown:262 | Timestamp: 2025-10-16 20:00:11
2025-10-16 20:00:11 | [32mINFO[0m | rag_pipeline | log_shutdown:263 | ================================================================================
2025-10-16 20:00:12 | [32mINFO[0m | rag_pipeline | log_startup:251 | ================================================================================
2025-10-16 20:00:12 | [32mINFO[0m | rag_pipeline | log_startup:252 | RAG Pipeline Server Starting
2025-10-16 20:00:12 | [32mINFO[0m | rag_pipeline | log_startup:253 | Timestamp: 2025-10-16 20:00:12
2025-10-16 20:00:12 | [32mINFO[0m | rag_pipeline | log_startup:254 | Logs Directory: /Users/usman/Documents/Projects/rag-pipeline/logs
2025-10-16 20:00:12 | [32mINFO[0m | rag_pipeline | log_startup:255 | ================================================================================
2025-10-16 20:00:23 | [32mINFO[0m | rag_pipeline | log_shutdown:260 | ================================================================================
2025-10-16 20:00:23 | [32mINFO[0m | rag_pipeline | log_shutdown:261 | RAG Pipeline Server Shutting Down
2025-10-16 20:00:23 | [32mINFO[0m | rag_pipeline | log_shutdown:262 | Timestamp: 2025-10-16 20:00:23
2025-10-16 20:00:23 | [32mINFO[0m | rag_pipeline | log_shutdown:263 | ================================================================================
2025-10-16 20:00:23 | [32mINFO[0m | rag_pipeline | log_startup:251 | ================================================================================
2025-10-16 20:00:23 | [32mINFO[0m | rag_pipeline | log_startup:252 | RAG Pipeline Server Starting
2025-10-16 20:00:23 | [32mINFO[0m | rag_pipeline | log_startup:253 | Timestamp: 2025-10-16 20:00:23
2025-10-16 20:00:23 | [32mINFO[0m | rag_pipeline | log_startup:254 | Logs Directory: /Users/usman/Documents/Projects/rag-pipeline/logs
2025-10-16 20:00:23 | [32mINFO[0m | rag_pipeline | log_startup:255 | ================================================================================
2025-10-16 20:00:39 | [32mINFO[0m | rag_pipeline | log_shutdown:260 | ================================================================================
2025-10-16 20:00:39 | [32mINFO[0m | rag_pipeline | log_shutdown:261 | RAG Pipeline Server Shutting Down
2025-10-16 20:00:39 | [32mINFO[0m | rag_pipeline | log_shutdown:262 | Timestamp: 2025-10-16 20:00:39
2025-10-16 20:00:39 | [32mINFO[0m | rag_pipeline | log_shutdown:263 | ================================================================================
2025-10-16 20:00:40 | [32mINFO[0m | rag_pipeline | log_startup:251 | ================================================================================
2025-10-16 20:00:40 | [32mINFO[0m | rag_pipeline | log_startup:252 | RAG Pipeline Server Starting
2025-10-16 20:00:40 | [32mINFO[0m | rag_pipeline | log_startup:253 | Timestamp: 2025-10-16 20:00:40
2025-10-16 20:00:40 | [32mINFO[0m | rag_pipeline | log_startup:254 | Logs Directory: /Users/usman/Documents/Projects/rag-pipeline/logs
2025-10-16 20:00:40 | [32mINFO[0m | rag_pipeline | log_startup:255 | ================================================================================
2025-10-16 20:01:26 | [32mINFO[0m | rag_pipeline | log_shutdown:260 | ================================================================================
2025-10-16 20:01:26 | [32mINFO[0m | rag_pipeline | log_shutdown:261 | RAG Pipeline Server Shutting Down
2025-10-16 20:01:26 | [32mINFO[0m | rag_pipeline | log_shutdown:262 | Timestamp: 2025-10-16 20:01:26
2025-10-16 20:01:26 | [32mINFO[0m | rag_pipeline | log_shutdown:263 | ================================================================================
2025-10-16 20:01:27 | [32mINFO[0m | rag_pipeline | log_startup:251 | ================================================================================
2025-10-16 20:01:27 | [32mINFO[0m | rag_pipeline | log_startup:252 | RAG Pipeline Server Starting
2025-10-16 20:01:27 | [32mINFO[0m | rag_pipeline | log_startup:253 | Timestamp: 2025-10-16 20:01:27
2025-10-16 20:01:27 | [32mINFO[0m | rag_pipeline | log_startup:254 | Logs Directory: /Users/usman/Documents/Projects/rag-pipeline/logs
2025-10-16 20:01:27 | [32mINFO[0m | rag_pipeline | log_startup:255 | ================================================================================
2025-10-16 20:03:13 | [32mINFO[0m | rag_pipeline | log_shutdown:260 | ================================================================================
2025-10-16 20:03:13 | [32mINFO[0m | rag_pipeline | log_shutdown:261 | RAG Pipeline Server Shutting Down
2025-10-16 20:03:13 | [32mINFO[0m | rag_pipeline | log_shutdown:262 | Timestamp: 2025-10-16 20:03:13
2025-10-16 20:03:13 | [32mINFO[0m | rag_pipeline | log_shutdown:263 | ================================================================================
2025-10-16 20:03:13 | [32mINFO[0m | rag_pipeline | log_startup:251 | ================================================================================
2025-10-16 20:03:13 | [32mINFO[0m | rag_pipeline | log_startup:252 | RAG Pipeline Server Starting
2025-10-16 20:03:13 | [32mINFO[0m | rag_pipeline | log_startup:253 | Timestamp: 2025-10-16 20:03:13
2025-10-16 20:03:13 | [32mINFO[0m | rag_pipeline | log_startup:254 | Logs Directory: /Users/usman/Documents/Projects/rag-pipeline/logs
2025-10-16 20:03:13 | [32mINFO[0m | rag_pipeline | log_startup:255 | ================================================================================
2025-10-16 20:55:30 | [32mINFO[0m | rag_pipeline | log_startup:251 | ================================================================================
2025-10-16 20:55:30 | [32mINFO[0m | rag_pipeline | log_startup:252 | RAG Pipeline Server Starting
2025-10-16 20:55:30 | [32mINFO[0m | rag_pipeline | log_startup:253 | Timestamp: 2025-10-16 20:55:30
2025-10-16 20:55:30 | [32mINFO[0m | rag_pipeline | log_startup:254 | Logs Directory: /Users/usman/Documents/Projects/rag-pipeline/logs
2025-10-16 20:55:30 | [32mINFO[0m | rag_pipeline | log_startup:255 | ================================================================================
2025-10-16 20:55:42 | [32mINFO[0m | rag_pipeline | dispatch:23 | Request started: GET /docs [127.0.0.1]
2025-10-16 20:55:42 | [32mINFO[0m | rag_pipeline | dispatch:36 | Request completed: GET /docs -> 200 (3.23ms) [127.0.0.1]
2025-10-16 20:55:42 | [32mINFO[0m | rag_pipeline | dispatch:23 | Request started: GET /openapi.json [127.0.0.1]
2025-10-16 20:55:42 | [32mINFO[0m | rag_pipeline | dispatch:36 | Request completed: GET /openapi.json -> 200 (9.12ms) [127.0.0.1]
2025-10-16 20:56:17 | [32mINFO[0m | rag_pipeline | dispatch:23 | Request started: POST /auth/register [127.0.0.1]
2025-10-16 20:56:17 | [32mINFO[0m | rag_pipeline | dispatch:36 | Request completed: POST /auth/register -> 422 (51.97ms) [127.0.0.1]
2025-10-16 20:56:25 | [32mINFO[0m | rag_pipeline | dispatch:23 | Request started: POST /auth/register [127.0.0.1]
2025-10-16 20:56:25 | [31mERROR[0m | rag_pipeline | get_password_hash:44 | Password hashing error: password cannot be longer than 72 bytes, truncate manually if necessary (e.g. my_password[:72])
2025-10-16 20:56:25 | [31mERROR[0m | rag_pipeline | register_user:47 | Registration error for ufawad0@gmail.com: 401: Password hashing failed
2025-10-16 20:56:25 | [32mINFO[0m | rag_pipeline | dispatch:36 | Request completed: POST /auth/register -> 400 (12.30ms) [127.0.0.1]
2025-10-16 20:56:41 | [32mINFO[0m | rag_pipeline | dispatch:23 | Request started: POST /auth/register [127.0.0.1]
2025-10-16 20:56:41 | [31mERROR[0m | rag_pipeline | get_password_hash:44 | Password hashing error: password cannot be longer than 72 bytes, truncate manually if necessary (e.g. my_password[:72])
2025-10-16 20:56:41 | [31mERROR[0m | rag_pipeline | register_user:47 | Registration error for ufawad1@gmail.com: 401: Password hashing failed
2025-10-16 20:56:41 | [32mINFO[0m | rag_pipeline | dispatch:36 | Request completed: POST /auth/register -> 400 (11.53ms) [127.0.0.1]
2025-10-16 21:17:31 | [32mINFO[0m | rag_pipeline | log_shutdown:260 | ================================================================================
2025-10-16 21:17:31 | [32mINFO[0m | rag_pipeline | log_shutdown:261 | RAG Pipeline Server Shutting Down
2025-10-16 21:17:31 | [32mINFO[0m | rag_pipeline | log_shutdown:262 | Timestamp: 2025-10-16 21:17:31
2025-10-16 21:17:31 | [32mINFO[0m | rag_pipeline | log_shutdown:263 | ================================================================================
2025-10-20 16:25:11 | [32mINFO[0m | rag_pipeline | log_startup:251 | ================================================================================
2025-10-20 16:25:11 | [32mINFO[0m | rag_pipeline | log_startup:252 | RAG Pipeline Server Starting
2025-10-20 16:25:11 | [32mINFO[0m | rag_pipeline | log_startup:253 | Timestamp: 2025-10-20 16:25:11
2025-10-20 16:25:11 | [32mINFO[0m | rag_pipeline | log_startup:254 | Logs Directory: /Users/usman/Documents/Projects/rag-pipeline/logs
2025-10-20 16:25:11 | [32mINFO[0m | rag_pipeline | log_startup:255 | ================================================================================
2025-10-20 16:29:02 | [32mINFO[0m | rag_pipeline | dispatch:23 | Request started: GET /docs [127.0.0.1]
2025-10-20 16:29:02 | [32mINFO[0m | rag_pipeline | dispatch:36 | Request completed: GET /docs -> 200 (2.28ms) [127.0.0.1]
2025-10-20 16:29:02 | [32mINFO[0m | rag_pipeline | dispatch:23 | Request started: GET /openapi.json [127.0.0.1]
2025-10-20 16:29:02 | [32mINFO[0m | rag_pipeline | dispatch:36 | Request completed: GET /openapi.json -> 200 (16.46ms) [127.0.0.1]
2025-10-20 16:30:02 | [32mINFO[0m | rag_pipeline | dispatch:23 | Request started: POST /auth/login [127.0.0.1]
2025-10-20 16:30:02 | [33mWARNING[0m | rag_pipeline | authenticate_user:56 | Login attempt with non-existent email: ufawad0@gmail.com
2025-10-20 16:30:02 | [32mINFO[0m | rag_pipeline | dispatch:36 | Request completed: POST /auth/login -> 401 (14.88ms) [127.0.0.1]
2025-10-20 16:30:08 | [32mINFO[0m | rag_pipeline | dispatch:23 | Request started: POST /auth/login [127.0.0.1]
2025-10-20 16:30:08 | [33mWARNING[0m | rag_pipeline | authenticate_user:56 | Login attempt with non-existent email: ufawad0@gmail.com
2025-10-20 16:30:08 | [32mINFO[0m | rag_pipeline | dispatch:36 | Request completed: POST /auth/login -> 401 (2.05ms) [127.0.0.1]
2025-10-20 16:30:34 | [32mINFO[0m | rag_pipeline | dispatch:23 | Request started: POST /auth/register [127.0.0.1]
2025-10-20 16:30:34 | [31mERROR[0m | rag_pipeline | get_password_hash:44 | Password hashing error: password cannot be longer than 72 bytes, truncate manually if necessary (e.g. my_password[:72])
2025-10-20 16:30:34 | [31mERROR[0m | rag_pipeline | register_user:47 | Registration error for ufawad0@gmail.com: 401: Password hashing failed
2025-10-20 16:30:34 | [32mINFO[0m | rag_pipeline | dispatch:36 | Request completed: POST /auth/register -> 400 (14.87ms) [127.0.0.1]
2025-10-20 16:30:46 | [32mINFO[0m | rag_pipeline | dispatch:23 | Request started: POST /auth/login [127.0.0.1]
2025-10-20 16:30:46 | [33mWARNING[0m | rag_pipeline | authenticate_user:56 | Login attempt with non-existent email: ufawad0@gmail.com
2025-10-20 16:30:46 | [32mINFO[0m | rag_pipeline | dispatch:36 | Request completed: POST /auth/login -> 401 (2.08ms) [127.0.0.1]
2025-10-20 16:30:51 | [32mINFO[0m | rag_pipeline | dispatch:23 | Request started: POST /auth/login [127.0.0.1]
2025-10-20 16:30:51 | [33mWARNING[0m | rag_pipeline | authenticate_user:56 | Login attempt with non-existent email: ufawad0@gmail.com
2025-10-20 16:30:51 | [32mINFO[0m | rag_pipeline | dispatch:36 | Request completed: POST /auth/login -> 401 (4.86ms) [127.0.0.1]
2025-10-20 16:32:51 | [32mINFO[0m | rag_pipeline | log_shutdown:260 | ================================================================================
2025-10-20 16:32:51 | [32mINFO[0m | rag_pipeline | log_shutdown:261 | RAG Pipeline Server Shutting Down
2025-10-20 16:32:51 | [32mINFO[0m | rag_pipeline | log_shutdown:262 | Timestamp: 2025-10-20 16:32:51
2025-10-20 16:32:51 | [32mINFO[0m | rag_pipeline | log_shutdown:263 | ================================================================================
2025-10-20 16:32:52 | [32mINFO[0m | rag_pipeline | log_startup:251 | ================================================================================
2025-10-20 16:32:52 | [32mINFO[0m | rag_pipeline | log_startup:252 | RAG Pipeline Server Starting
2025-10-20 16:32:52 | [32mINFO[0m | rag_pipeline | log_startup:253 | Timestamp: 2025-10-20 16:32:52
2025-10-20 16:32:52 | [32mINFO[0m | rag_pipeline | log_startup:254 | Logs Directory: /Users/usman/Documents/Projects/rag-pipeline/logs
2025-10-20 16:32:52 | [32mINFO[0m | rag_pipeline | log_startup:255 | ================================================================================
2025-10-20 16:33:19 | [32mINFO[0m | rag_pipeline | log_startup:251 | ================================================================================
2025-10-20 16:33:19 | [32mINFO[0m | rag_pipeline | log_startup:252 | RAG Pipeline Server Starting
2025-10-20 16:33:19 | [32mINFO[0m | rag_pipeline | log_startup:253 | Timestamp: 2025-10-20 16:33:19
2025-10-20 16:33:19 | [32mINFO[0m | rag_pipeline | log_startup:254 | Logs Directory: /Users/usman/Documents/Projects/rag-pipeline/logs
2025-10-20 16:33:19 | [32mINFO[0m | rag_pipeline | log_startup:255 | ================================================================================
2025-10-20 16:33:21 | [32mINFO[0m | rag_pipeline | log_startup:251 | ================================================================================
2025-10-20 16:33:21 | [32mINFO[0m | rag_pipeline | log_startup:252 | RAG Pipeline Server Starting
2025-10-20 16:33:21 | [32mINFO[0m | rag_pipeline | log_startup:253 | Timestamp: 2025-10-20 16:33:21
2025-10-20 16:33:21 | [32mINFO[0m | rag_pipeline | log_startup:254 | Logs Directory: /Users/usman/Documents/Projects/rag-pipeline/logs
2025-10-20 16:33:21 | [32mINFO[0m | rag_pipeline | log_startup:255 | ================================================================================
2025-10-20 16:33:58 | [32mINFO[0m | rag_pipeline | log_shutdown:260 | ================================================================================
2025-10-20 16:33:58 | [32mINFO[0m | rag_pipeline | log_shutdown:261 | RAG Pipeline Server Shutting Down
2025-10-20 16:33:58 | [32mINFO[0m | rag_pipeline | log_shutdown:262 | Timestamp: 2025-10-20 16:33:58
2025-10-20 16:33:58 | [32mINFO[0m | rag_pipeline | log_shutdown:263 | ================================================================================
2025-10-20 16:33:59 | [32mINFO[0m | rag_pipeline | log_startup:251 | ================================================================================
2025-10-20 16:33:59 | [32mINFO[0m | rag_pipeline | log_startup:252 | RAG Pipeline Server Starting
2025-10-20 16:33:59 | [32mINFO[0m | rag_pipeline | log_startup:253 | Timestamp: 2025-10-20 16:33:59
2025-10-20 16:33:59 | [32mINFO[0m | rag_pipeline | log_startup:254 | Logs Directory: /Users/usman/Documents/Projects/rag-pipeline/logs
2025-10-20 16:33:59 | [32mINFO[0m | rag_pipeline | log_startup:255 | ================================================================================
2025-10-20 16:34:06 | [32mINFO[0m | rag_pipeline | log_startup:251 | ================================================================================
2025-10-20 16:34:06 | [32mINFO[0m | rag_pipeline | log_startup:252 | RAG Pipeline Server Starting
2025-10-20 16:34:06 | [32mINFO[0m | rag_pipeline | log_startup:253 | Timestamp: 2025-10-20 16:34:06
2025-10-20 16:34:06 | [32mINFO[0m | rag_pipeline | log_startup:254 | Logs Directory: /Users/usman/Documents/Projects/rag-pipeline/logs
2025-10-20 16:34:06 | [32mINFO[0m | rag_pipeline | log_startup:255 | ================================================================================
2025-10-20 16:36:03 | [32mINFO[0m | rag_pipeline | dispatch:23 | Request started: GET /docs [127.0.0.1]
2025-10-20 16:36:03 | [32mINFO[0m | rag_pipeline | dispatch:36 | Request completed: GET /docs -> 200 (1.82ms) [127.0.0.1]
2025-10-20 16:36:03 | [32mINFO[0m | rag_pipeline | dispatch:23 | Request started: GET /openapi.json [127.0.0.1]
2025-10-20 16:36:03 | [32mINFO[0m | rag_pipeline | dispatch:36 | Request completed: GET /openapi.json -> 200 (11.39ms) [127.0.0.1]
2025-10-20 16:36:18 | [32mINFO[0m | rag_pipeline | log_shutdown:260 | ================================================================================
2025-10-20 16:36:18 | [32mINFO[0m | rag_pipeline | log_shutdown:261 | RAG Pipeline Server Shutting Down
2025-10-20 16:36:18 | [32mINFO[0m | rag_pipeline | log_shutdown:262 | Timestamp: 2025-10-20 16:36:18
2025-10-20 16:36:18 | [32mINFO[0m | rag_pipeline | log_shutdown:263 | ================================================================================
2025-10-20 16:36:25 | [32mINFO[0m | rag_pipeline | log_startup:251 | ================================================================================
2025-10-20 16:36:25 | [32mINFO[0m | rag_pipeline | log_startup:252 | RAG Pipeline Server Starting
2025-10-20 16:36:25 | [32mINFO[0m | rag_pipeline | log_startup:253 | Timestamp: 2025-10-20 16:36:25
2025-10-20 16:36:25 | [32mINFO[0m | rag_pipeline | log_startup:254 | Logs Directory: /Users/usman/Documents/Projects/rag-pipeline/logs
2025-10-20 16:36:25 | [32mINFO[0m | rag_pipeline | log_startup:255 | ================================================================================
2025-10-20 16:36:27 | [32mINFO[0m | rag_pipeline | dispatch:23 | Request started: GET /docs [127.0.0.1]
2025-10-20 16:36:27 | [32mINFO[0m | rag_pipeline | dispatch:36 | Request completed: GET /docs -> 200 (1.15ms) [127.0.0.1]
2025-10-20 16:36:27 | [32mINFO[0m | rag_pipeline | dispatch:23 | Request started: GET /openapi.json [127.0.0.1]
2025-10-20 16:36:27 | [32mINFO[0m | rag_pipeline | dispatch:36 | Request completed: GET /openapi.json -> 200 (10.42ms) [127.0.0.1]
2025-10-20 16:37:00 | [32mINFO[0m | rag_pipeline | log_shutdown:260 | ================================================================================
2025-10-20 16:37:00 | [32mINFO[0m | rag_pipeline | log_shutdown:261 | RAG Pipeline Server Shutting Down
2025-10-20 16:37:00 | [32mINFO[0m | rag_pipeline | log_shutdown:262 | Timestamp: 2025-10-20 16:37:00
2025-10-20 16:37:00 | [32mINFO[0m | rag_pipeline | log_shutdown:263 | ================================================================================
2025-10-20 16:37:01 | [32mINFO[0m | rag_pipeline | log_startup:251 | ================================================================================
2025-10-20 16:37:01 | [32mINFO[0m | rag_pipeline | log_startup:252 | RAG Pipeline Server Starting
2025-10-20 16:37:01 | [32mINFO[0m | rag_pipeline | log_startup:253 | Timestamp: 2025-10-20 16:37:01
2025-10-20 16:37:01 | [32mINFO[0m | rag_pipeline | log_startup:254 | Logs Directory: /Users/usman/Documents/Projects/rag-pipeline/logs
2025-10-20 16:37:01 | [32mINFO[0m | rag_pipeline | log_startup:255 | ================================================================================
2025-10-20 16:37:12 | [32mINFO[0m | rag_pipeline | log_startup:251 | ================================================================================
2025-10-20 16:37:12 | [32mINFO[0m | rag_pipeline | log_startup:252 | RAG Pipeline Server Starting
2025-10-20 16:37:12 | [32mINFO[0m | rag_pipeline | log_startup:253 | Timestamp: 2025-10-20 16:37:12
2025-10-20 16:37:12 | [32mINFO[0m | rag_pipeline | log_startup:254 | Logs Directory: /Users/usman/Documents/Projects/rag-pipeline/logs
2025-10-20 16:37:12 | [32mINFO[0m | rag_pipeline | log_startup:255 | ================================================================================
2025-10-20 16:37:13 | [32mINFO[0m | rag_pipeline | dispatch:23 | Request started: GET /docs [127.0.0.1]
2025-10-20 16:37:13 | [32mINFO[0m | rag_pipeline | dispatch:36 | Request completed: GET /docs -> 200 (1.05ms) [127.0.0.1]
2025-10-20 16:37:14 | [32mINFO[0m | rag_pipeline | dispatch:23 | Request started: GET /openapi.json [127.0.0.1]
2025-10-20 16:37:14 | [32mINFO[0m | rag_pipeline | dispatch:36 | Request completed: GET /openapi.json -> 200 (15.20ms) [127.0.0.1]
2025-10-20 16:37:38 | [32mINFO[0m | rag_pipeline | dispatch:23 | Request started: POST /auth/login [127.0.0.1]
2025-10-20 16:37:38 | [33mWARNING[0m | rag_pipeline | authenticate_user:56 | Login attempt with non-existent email: ufawad0@gmail.com
2025-10-20 16:37:38 | [32mINFO[0m | rag_pipeline | dispatch:36 | Request completed: POST /auth/login -> 401 (12.53ms) [127.0.0.1]
2025-10-20 16:38:06 | [32mINFO[0m | rag_pipeline | dispatch:23 | Request started: POST /auth/register [127.0.0.1]
2025-10-20 16:38:07 | [32mINFO[0m | rag_pipeline | create_user:45 | User created: ufawad0@gmail.com (ID: 1)
2025-10-20 16:38:07 | [32mINFO[0m | rag_pipeline | register_user:41 | User registered successfully: ufawad0@gmail.com (ID: 1)
2025-10-20 16:38:07 | [32mINFO[0m | rag_pipeline | dispatch:36 | Request completed: POST /auth/register -> 201 (228.51ms) [127.0.0.1]
2025-10-20 16:38:11 | [32mINFO[0m | rag_pipeline | dispatch:23 | Request started: POST /auth/login [127.0.0.1]
2025-10-20 16:38:11 | [32mINFO[0m | rag_pipeline | authenticate_user:71 | User authenticated successfully: ufawad0@gmail.com (ID: 1)
2025-10-20 16:38:11 | [32mINFO[0m | rag_pipeline | create_tokens:94 | Tokens created for user: ufawad0@gmail.com (ID: 1)
2025-10-20 16:38:11 | [32mINFO[0m | rag_pipeline | dispatch:36 | Request completed: POST /auth/login -> 200 (223.48ms) [127.0.0.1]
2025-10-20 16:40:46 | [32mINFO[0m | rag_pipeline | dispatch:23 | Request started: POST /upload [127.0.0.1]
2025-10-20 16:40:46 | [33mWARNING[0m | rag_pipeline | verify_token:117 | JWT verification error: Subject must be a string.
2025-10-20 16:40:46 | [32mINFO[0m | rag_pipeline | dispatch:36 | Request completed: POST /upload -> 401 (4.99ms) [127.0.0.1]
2025-10-20 16:42:28 | [32mINFO[0m | rag_pipeline | log_shutdown:260 | ================================================================================
2025-10-20 16:42:28 | [32mINFO[0m | rag_pipeline | log_shutdown:261 | RAG Pipeline Server Shutting Down
2025-10-20 16:42:28 | [32mINFO[0m | rag_pipeline | log_shutdown:262 | Timestamp: 2025-10-20 16:42:28
2025-10-20 16:42:28 | [32mINFO[0m | rag_pipeline | log_shutdown:263 | ================================================================================
2025-10-20 16:42:29 | [32mINFO[0m | rag_pipeline | log_startup:251 | ================================================================================
2025-10-20 16:42:29 | [32mINFO[0m | rag_pipeline | log_startup:252 | RAG Pipeline Server Starting
2025-10-20 16:42:29 | [32mINFO[0m | rag_pipeline | log_startup:253 | Timestamp: 2025-10-20 16:42:29
2025-10-20 16:42:29 | [32mINFO[0m | rag_pipeline | log_startup:254 | Logs Directory: /Users/usman/Documents/Projects/rag-pipeline/logs
2025-10-20 16:42:29 | [32mINFO[0m | rag_pipeline | log_startup:255 | ================================================================================
2025-10-20 16:42:38 | [32mINFO[0m | rag_pipeline | log_shutdown:260 | ================================================================================
2025-10-20 16:42:38 | [32mINFO[0m | rag_pipeline | log_shutdown:261 | RAG Pipeline Server Shutting Down
2025-10-20 16:42:38 | [32mINFO[0m | rag_pipeline | log_shutdown:262 | Timestamp: 2025-10-20 16:42:38
2025-10-20 16:42:38 | [32mINFO[0m | rag_pipeline | log_shutdown:263 | ================================================================================
2025-10-20 16:42:39 | [32mINFO[0m | rag_pipeline | log_startup:251 | ================================================================================
2025-10-20 16:42:39 | [32mINFO[0m | rag_pipeline | log_startup:252 | RAG Pipeline Server Starting
2025-10-20 16:42:39 | [32mINFO[0m | rag_pipeline | log_startup:253 | Timestamp: 2025-10-20 16:42:39
2025-10-20 16:42:39 | [32mINFO[0m | rag_pipeline | log_startup:254 | Logs Directory: /Users/usman/Documents/Projects/rag-pipeline/logs
2025-10-20 16:42:39 | [32mINFO[0m | rag_pipeline | log_startup:255 | ================================================================================
2025-10-20 16:43:48 | [32mINFO[0m | rag_pipeline | log_shutdown:260 | ================================================================================
2025-10-20 16:43:48 | [32mINFO[0m | rag_pipeline | log_shutdown:261 | RAG Pipeline Server Shutting Down
2025-10-20 16:43:48 | [32mINFO[0m | rag_pipeline | log_shutdown:262 | Timestamp: 2025-10-20 16:43:48
2025-10-20 16:43:48 | [32mINFO[0m | rag_pipeline | log_shutdown:263 | ================================================================================
2025-10-20 16:43:48 | [32mINFO[0m | rag_pipeline | log_startup:251 | ================================================================================
2025-10-20 16:43:48 | [32mINFO[0m | rag_pipeline | log_startup:252 | RAG Pipeline Server Starting
2025-10-20 16:43:48 | [32mINFO[0m | rag_pipeline | log_startup:253 | Timestamp: 2025-10-20 16:43:48
2025-10-20 16:43:48 | [32mINFO[0m | rag_pipeline | log_startup:254 | Logs Directory: /Users/usman/Documents/Projects/rag-pipeline/logs
2025-10-20 16:43:48 | [32mINFO[0m | rag_pipeline | log_startup:255 | ================================================================================
2025-10-20 16:44:55 | [32mINFO[0m | rag_pipeline | log_startup:251 | ================================================================================
2025-10-20 16:44:55 | [32mINFO[0m | rag_pipeline | log_startup:252 | RAG Pipeline Server Starting
2025-10-20 16:44:55 | [32mINFO[0m | rag_pipeline | log_startup:253 | Timestamp: 2025-10-20 16:44:55
2025-10-20 16:44:55 | [32mINFO[0m | rag_pipeline | log_startup:254 | Logs Directory: /Users/usman/Documents/Projects/rag-pipeline/logs
2025-10-20 16:44:55 | [32mINFO[0m | rag_pipeline | log_startup:255 | ================================================================================
2025-10-20 16:45:02 | [32mINFO[0m | rag_pipeline | log_startup:251 | ================================================================================
2025-10-20 16:45:02 | [32mINFO[0m | rag_pipeline | log_startup:252 | RAG Pipeline Server Starting
2025-10-20 16:45:02 | [32mINFO[0m | rag_pipeline | log_startup:253 | Timestamp: 2025-10-20 16:45:02
2025-10-20 16:45:02 | [32mINFO[0m | rag_pipeline | log_startup:254 | Logs Directory: /Users/usman/Documents/Projects/rag-pipeline/logs
2025-10-20 16:45:02 | [32mINFO[0m | rag_pipeline | log_startup:255 | ================================================================================
2025-10-20 16:45:09 | [32mINFO[0m | rag_pipeline | log_startup:251 | ================================================================================
2025-10-20 16:45:09 | [32mINFO[0m | rag_pipeline | log_startup:252 | RAG Pipeline Server Starting
2025-10-20 16:45:09 | [32mINFO[0m | rag_pipeline | log_startup:253 | Timestamp: 2025-10-20 16:45:09
2025-10-20 16:45:09 | [32mINFO[0m | rag_pipeline | log_startup:254 | Logs Directory: /Users/usman/Documents/Projects/rag-pipeline/logs
2025-10-20 16:45:09 | [32mINFO[0m | rag_pipeline | log_startup:255 | ================================================================================
2025-10-20 16:45:12 | [32mINFO[0m | rag_pipeline | dispatch:23 | Request started: POST /auth/register [127.0.0.1]
2025-10-20 16:45:12 | [32mINFO[0m | rag_pipeline | create_user:53 | User created: ufawad0@gmail.com (ID: 1)
2025-10-20 16:45:12 | [32mINFO[0m | rag_pipeline | register_user:41 | User registered successfully: ufawad0@gmail.com (ID: 1)
2025-10-20 16:45:12 | [32mINFO[0m | rag_pipeline | dispatch:36 | Request completed: POST /auth/register -> 201 (224.54ms) [127.0.0.1]
2025-10-20 16:45:20 | [32mINFO[0m | rag_pipeline | dispatch:23 | Request started: POST /auth/login [127.0.0.1]
2025-10-20 16:45:20 | [32mINFO[0m | rag_pipeline | authenticate_user:71 | User authenticated successfully: ufawad0@gmail.com (ID: 1)
2025-10-20 16:45:20 | [32mINFO[0m | rag_pipeline | create_tokens:94 | Tokens created for user: ufawad0@gmail.com (ID: 1)
2025-10-20 16:45:20 | [32mINFO[0m | rag_pipeline | dispatch:36 | Request completed: POST /auth/login -> 200 (224.63ms) [127.0.0.1]
2025-10-20 16:45:40 | [32mINFO[0m | rag_pipeline | dispatch:23 | Request started: POST /upload [127.0.0.1]
2025-10-20 16:45:40 | [33mWARNING[0m | rag_pipeline | verify_token:117 | JWT verification error: Subject must be a string.
2025-10-20 16:45:40 | [32mINFO[0m | rag_pipeline | dispatch:36 | Request completed: POST /upload -> 401 (8.15ms) [127.0.0.1]
2025-10-20 16:46:33 | [32mINFO[0m | rag_pipeline | log_shutdown:260 | ================================================================================
2025-10-20 16:46:33 | [32mINFO[0m | rag_pipeline | log_shutdown:261 | RAG Pipeline Server Shutting Down
2025-10-20 16:46:33 | [32mINFO[0m | rag_pipeline | log_shutdown:262 | Timestamp: 2025-10-20 16:46:33
2025-10-20 16:46:33 | [32mINFO[0m | rag_pipeline | log_shutdown:263 | ================================================================================
2025-10-20 16:46:34 | [32mINFO[0m | rag_pipeline | log_startup:251 | ================================================================================
2025-10-20 16:46:34 | [32mINFO[0m | rag_pipeline | log_startup:252 | RAG Pipeline Server Starting
2025-10-20 16:46:34 | [32mINFO[0m | rag_pipeline | log_startup:253 | Timestamp: 2025-10-20 16:46:34
2025-10-20 16:46:34 | [32mINFO[0m | rag_pipeline | log_startup:254 | Logs Directory: /Users/usman/Documents/Projects/rag-pipeline/logs
2025-10-20 16:46:34 | [32mINFO[0m | rag_pipeline | log_startup:255 | ================================================================================
2025-10-20 16:46:46 | [32mINFO[0m | rag_pipeline | log_shutdown:260 | ================================================================================
2025-10-20 16:46:46 | [32mINFO[0m | rag_pipeline | log_shutdown:261 | RAG Pipeline Server Shutting Down
2025-10-20 16:46:46 | [32mINFO[0m | rag_pipeline | log_shutdown:262 | Timestamp: 2025-10-20 16:46:46
2025-10-20 16:46:46 | [32mINFO[0m | rag_pipeline | log_shutdown:263 | ================================================================================
2025-10-20 16:46:47 | [32mINFO[0m | rag_pipeline | log_startup:251 | ================================================================================
2025-10-20 16:46:47 | [32mINFO[0m | rag_pipeline | log_startup:252 | RAG Pipeline Server Starting
2025-10-20 16:46:47 | [32mINFO[0m | rag_pipeline | log_startup:253 | Timestamp: 2025-10-20 16:46:47
2025-10-20 16:46:47 | [32mINFO[0m | rag_pipeline | log_startup:254 | Logs Directory: /Users/usman/Documents/Projects/rag-pipeline/logs
2025-10-20 16:46:47 | [32mINFO[0m | rag_pipeline | log_startup:255 | ================================================================================
2025-10-20 16:48:17 | [32mINFO[0m | rag_pipeline | dispatch:23 | Request started: POST /upload [127.0.0.1]
2025-10-20 16:48:17 | [33mWARNING[0m | rag_pipeline | verify_token:122 | JWT verification error: Subject must be a string.
2025-10-20 16:48:17 | [32mINFO[0m | rag_pipeline | dispatch:36 | Request completed: POST /upload -> 401 (11.87ms) [127.0.0.1]
2025-10-20 16:49:23 | [32mINFO[0m | rag_pipeline | log_shutdown:260 | ================================================================================
2025-10-20 16:49:23 | [32mINFO[0m | rag_pipeline | log_shutdown:261 | RAG Pipeline Server Shutting Down
2025-10-20 16:49:23 | [32mINFO[0m | rag_pipeline | log_shutdown:262 | Timestamp: 2025-10-20 16:49:23
2025-10-20 16:49:23 | [32mINFO[0m | rag_pipeline | log_shutdown:263 | ================================================================================
2025-10-20 16:49:26 | [32mINFO[0m | rag_pipeline | log_startup:251 | ================================================================================
2025-10-20 16:49:26 | [32mINFO[0m | rag_pipeline | log_startup:252 | RAG Pipeline Server Starting
2025-10-20 16:49:26 | [32mINFO[0m | rag_pipeline | log_startup:253 | Timestamp: 2025-10-20 16:49:26
2025-10-20 16:49:26 | [32mINFO[0m | rag_pipeline | log_startup:254 | Logs Directory: /Users/usman/Documents/Projects/rag-pipeline/logs
2025-10-20 16:49:26 | [32mINFO[0m | rag_pipeline | log_startup:255 | ================================================================================
2025-10-20 16:49:31 | [32mINFO[0m | rag_pipeline | dispatch:23 | Request started: GET /docs [127.0.0.1]
2025-10-20 16:49:31 | [32mINFO[0m | rag_pipeline | dispatch:36 | Request completed: GET /docs -> 200 (1.61ms) [127.0.0.1]
2025-10-20 16:49:32 | [32mINFO[0m | rag_pipeline | dispatch:23 | Request started: GET /openapi.json [127.0.0.1]
2025-10-20 16:49:32 | [32mINFO[0m | rag_pipeline | dispatch:36 | Request completed: GET /openapi.json -> 200 (15.72ms) [127.0.0.1]
2025-10-20 16:49:49 | [32mINFO[0m | rag_pipeline | dispatch:23 | Request started: POST /auth/login [127.0.0.1]
2025-10-20 16:49:49 | [32mINFO[0m | rag_pipeline | authenticate_user:71 | User authenticated successfully: ufawad0@gmail.com (ID: 1)
2025-10-20 16:49:49 | [32mINFO[0m | rag_pipeline | create_tokens:94 | Tokens created for user: ufawad0@gmail.com (ID: 1)
2025-10-20 16:49:49 | [32mINFO[0m | rag_pipeline | dispatch:36 | Request completed: POST /auth/login -> 200 (237.16ms) [127.0.0.1]
2025-10-20 16:50:36 | [32mINFO[0m | rag_pipeline | dispatch:23 | Request started: POST /upload [127.0.0.1]
2025-10-20 16:50:36 | [32mINFO[0m | rag_pipeline | upload_file:158 | User ufawad0@gmail.com (ID: 1) uploading file 'PTSD Assessment Instruments.pdf' to domain 'therapy' with document name 'PTSD patients doc'
2025-10-20 16:50:46 | [32mINFO[0m | rag_pipeline | upload_file:204 | Upload completed for user 1: PTSD Assessment Instruments.pdf -> 30 chunks
2025-10-20 16:50:46 | [32mINFO[0m | rag_pipeline | dispatch:36 | Request completed: POST /upload -> 200 (9632.36ms) [127.0.0.1]
2025-10-20 16:50:53 | [32mINFO[0m | rag_pipeline | log_shutdown:260 | ================================================================================
2025-10-20 16:50:53 | [32mINFO[0m | rag_pipeline | log_shutdown:261 | RAG Pipeline Server Shutting Down
2025-10-20 16:50:53 | [32mINFO[0m | rag_pipeline | log_shutdown:262 | Timestamp: 2025-10-20 16:50:53
2025-10-20 16:50:53 | [32mINFO[0m | rag_pipeline | log_shutdown:263 | ================================================================================
2025-10-20 16:50:54 | [32mINFO[0m | rag_pipeline | log_startup:251 | ================================================================================
2025-10-20 16:50:54 | [32mINFO[0m | rag_pipeline | log_startup:252 | RAG Pipeline Server Starting
2025-10-20 16:50:54 | [32mINFO[0m | rag_pipeline | log_startup:253 | Timestamp: 2025-10-20 16:50:54
2025-10-20 16:50:54 | [32mINFO[0m | rag_pipeline | log_startup:254 | Logs Directory: /Users/usman/Documents/Projects/rag-pipeline/logs
2025-10-20 16:50:54 | [32mINFO[0m | rag_pipeline | log_startup:255 | ================================================================================
2025-10-20 16:50:56 | [32mINFO[0m | rag_pipeline | log_startup:251 | ================================================================================
2025-10-20 16:50:56 | [32mINFO[0m | rag_pipeline | log_startup:252 | RAG Pipeline Server Starting
2025-10-20 16:50:56 | [32mINFO[0m | rag_pipeline | log_startup:253 | Timestamp: 2025-10-20 16:50:56
2025-10-20 16:50:56 | [32mINFO[0m | rag_pipeline | log_startup:254 | Logs Directory: /Users/usman/Documents/Projects/rag-pipeline/logs
2025-10-20 16:50:56 | [32mINFO[0m | rag_pipeline | log_startup:255 | ================================================================================
2025-10-20 17:00:42 | [32mINFO[0m | rag_pipeline | dispatch:23 | Request started: POST /chat [127.0.0.1]
2025-10-20 17:00:42 | [32mINFO[0m | rag_pipeline | chat:242 | User ufawad0@gmail.com (ID: 1) asking question in domain 'therapy'
2025-10-20 17:00:52 | [32mINFO[0m | rag_pipeline | chat:257 | Chat completed for user 1 in domain 'therapy'
2025-10-20 17:00:52 | [32mINFO[0m | rag_pipeline | dispatch:36 | Request completed: POST /chat -> 200 (10687.97ms) [127.0.0.1]
2025-10-20 17:31:44 | [32mINFO[0m | rag_pipeline | dispatch:23 | Request started: GET /sources/therapy [127.0.0.1]
2025-10-20 17:31:44 | [32mINFO[0m | rag_pipeline | get_sources:415 | User ufawad0@gmail.com (ID: 1) requesting sources for domain 'therapy'
2025-10-20 17:33:29 | [32mINFO[0m | rag_pipeline | dispatch:23 | Request started: GET /sources/therapy [127.0.0.1]
2025-10-20 17:33:29 | [32mINFO[0m | rag_pipeline | get_sources:415 | User ufawad0@gmail.com (ID: 1) requesting sources for domain 'therapy'
2025-10-20 17:38:54 | [32mINFO[0m | rag_pipeline | dispatch:36 | Request completed: GET /sources/therapy -> 200 (430148.06ms) [127.0.0.1]
2025-10-20 17:38:59 | [32mINFO[0m | rag_pipeline | dispatch:23 | Request started: GET /documents/therapy [127.0.0.1]
2025-10-20 17:38:59 | [32mINFO[0m | rag_pipeline | get_user_documents:487 | User ufawad0@gmail.com (ID: 1) requesting documents from domain 'therapy'
2025-10-20 17:39:07 | [31mERROR[0m | rag_pipeline | get_user_documents:562 | Get documents error for user 1: HTTPSConnectionPool(host='deidra-therapy-68h5f1r.svc.aped-4627-b74a.pinecone.io', port=443): Max retries exceeded with url: /query (Caused by NameResolutionError("<urllib3.connection.HTTPSConnection object at 0x111766ed0>: Failed to resolve 'deidra-therapy-68h5f1r.svc.aped-4627-b74a.pinecone.io' ([Errno 8] nodename nor servname provided, or not known)"))
2025-10-20 17:39:07 | [32mINFO[0m | rag_pipeline | dispatch:36 | Request completed: GET /documents/therapy -> 500 (8084.44ms) [127.0.0.1]
2025-10-20 17:39:19 | [32mINFO[0m | rag_pipeline | dispatch:23 | Request started: GET /documents/therapy [127.0.0.1]
2025-10-20 17:39:19 | [32mINFO[0m | rag_pipeline | get_user_documents:487 | User ufawad0@gmail.com (ID: 1) requesting documents from domain 'therapy'
2025-10-20 17:39:27 | [31mERROR[0m | rag_pipeline | get_user_documents:562 | Get documents error for user 1: HTTPSConnectionPool(host='deidra-therapy-68h5f1r.svc.aped-4627-b74a.pinecone.io', port=443): Max retries exceeded with url: /query (Caused by NameResolutionError("<urllib3.connection.HTTPSConnection object at 0x11125ec90>: Failed to resolve 'deidra-therapy-68h5f1r.svc.aped-4627-b74a.pinecone.io' ([Errno 8] nodename nor servname provided, or not known)"))
2025-10-20 17:39:27 | [32mINFO[0m | rag_pipeline | dispatch:36 | Request completed: GET /documents/therapy -> 500 (8175.73ms) [127.0.0.1]
2025-10-20 18:12:22 | [32mINFO[0m | rag_pipeline | log_startup:251 | ================================================================================
2025-10-20 18:12:22 | [32mINFO[0m | rag_pipeline | log_startup:252 | RAG Pipeline Server Starting
2025-10-20 18:12:22 | [32mINFO[0m | rag_pipeline | log_startup:253 | Timestamp: 2025-10-20 18:12:22
2025-10-20 18:12:22 | [32mINFO[0m | rag_pipeline | log_startup:254 | Logs Directory: /Users/usman/Documents/Projects/rag-pipeline/logs
2025-10-20 18:12:22 | [32mINFO[0m | rag_pipeline | log_startup:255 | ================================================================================
2025-10-20 18:17:02 | [32mINFO[0m | rag_pipeline | log_shutdown:260 | ================================================================================
2025-10-20 18:17:02 | [32mINFO[0m | rag_pipeline | log_shutdown:261 | RAG Pipeline Server Shutting Down
2025-10-20 18:17:02 | [32mINFO[0m | rag_pipeline | log_shutdown:262 | Timestamp: 2025-10-20 18:17:02
2025-10-20 18:17:02 | [32mINFO[0m | rag_pipeline | log_shutdown:263 | ================================================================================
2025-10-20 21:42:03 | [32mINFO[0m | rag_pipeline | log_startup:251 | ================================================================================
2025-10-20 21:42:03 | [32mINFO[0m | rag_pipeline | log_startup:252 | RAG Pipeline Server Starting
2025-10-20 21:42:03 | [32mINFO[0m | rag_pipeline | log_startup:253 | Timestamp: 2025-10-20 21:42:03
2025-10-20 21:42:03 | [32mINFO[0m | rag_pipeline | log_startup:254 | Logs Directory: /Users/usman/Documents/Projects/rag-pipeline/logs
2025-10-20 21:42:03 | [32mINFO[0m | rag_pipeline | log_startup:255 | ================================================================================
2025-10-20 21:49:16 | [32mINFO[0m | rag_pipeline | log_startup:251 | ================================================================================
2025-10-20 21:49:16 | [32mINFO[0m | rag_pipeline | log_startup:252 | RAG Pipeline Server Starting
2025-10-20 21:49:16 | [32mINFO[0m | rag_pipeline | log_startup:253 | Timestamp: 2025-10-20 21:49:16
2025-10-20 21:49:16 | [32mINFO[0m | rag_pipeline | log_startup:254 | Logs Directory: /Users/usman/Documents/Projects/rag-pipeline/logs
2025-10-20 21:49:16 | [32mINFO[0m | rag_pipeline | log_startup:255 | ================================================================================
2025-10-21 06:23:55 | [32mINFO[0m | rag_pipeline | log_startup:251 | ================================================================================
2025-10-21 06:23:55 | [32mINFO[0m | rag_pipeline | log_startup:252 | RAG Pipeline Server Starting
2025-10-21 06:23:55 | [32mINFO[0m | rag_pipeline | log_startup:253 | Timestamp: 2025-10-21 06:23:55
2025-10-21 06:23:55 | [32mINFO[0m | rag_pipeline | log_startup:254 | Logs Directory: /Users/usman/Documents/Projects/rag-pipeline/logs
2025-10-21 06:23:55 | [32mINFO[0m | rag_pipeline | log_startup:255 | ================================================================================
2025-10-21 06:46:49 | [32mINFO[0m | rag_pipeline | log_startup:251 | ================================================================================
2025-10-21 06:46:49 | [32mINFO[0m | rag_pipeline | log_startup:252 | RAG Pipeline Server Starting
2025-10-21 06:46:49 | [32mINFO[0m | rag_pipeline | log_startup:253 | Timestamp: 2025-10-21 06:46:49
2025-10-21 06:46:49 | [32mINFO[0m | rag_pipeline | log_startup:254 | Logs Directory: /Users/usman/Documents/Projects/rag-pipeline/logs
2025-10-21 06:46:49 | [32mINFO[0m | rag_pipeline | log_startup:255 | ================================================================================
2025-10-21 13:13:06 | [32mINFO[0m | rag_pipeline | log_startup:251 | ================================================================================
2025-10-21 13:13:06 | [32mINFO[0m | rag_pipeline | log_startup:252 | RAG Pipeline Server Starting
2025-10-21 13:13:06 | [32mINFO[0m | rag_pipeline | log_startup:253 | Timestamp: 2025-10-21 13:13:06
2025-10-21 13:13:06 | [32mINFO[0m | rag_pipeline | log_startup:254 | Logs Directory: /Users/usman/Documents/Projects/rag-pipeline/logs
2025-10-21 13:13:06 | [32mINFO[0m | rag_pipeline | log_startup:255 | ================================================================================
2025-10-21 13:14:40 | [32mINFO[0m | rag_pipeline | log_startup:251 | ================================================================================
2025-10-21 13:14:40 | [32mINFO[0m | rag_pipeline | log_startup:252 | RAG Pipeline Server Starting
2025-10-21 13:14:40 | [32mINFO[0m | rag_pipeline | log_startup:253 | Timestamp: 2025-10-21 13:14:40
2025-10-21 13:14:40 | [32mINFO[0m | rag_pipeline | log_startup:254 | Logs Directory: /Users/usman/Documents/Projects/rag-pipeline/logs
2025-10-21 13:14:40 | [32mINFO[0m | rag_pipeline | log_startup:255 | ================================================================================
2025-10-21 13:20:31 | [32mINFO[0m | rag_pipeline | log_startup:251 | ================================================================================
2025-10-21 13:20:31 | [32mINFO[0m | rag_pipeline | log_startup:252 | RAG Pipeline Server Starting
2025-10-21 13:20:31 | [32mINFO[0m | rag_pipeline | log_startup:253 | Timestamp: 2025-10-21 13:20:31
2025-10-21 13:20:31 | [32mINFO[0m | rag_pipeline | log_startup:254 | Logs Directory: /Users/usman/Documents/Projects/rag-pipeline/logs
2025-10-21 13:20:31 | [32mINFO[0m | rag_pipeline | log_startup:255 | ================================================================================
2025-10-21 13:20:44 | [32mINFO[0m | rag_pipeline | log_startup:251 | ================================================================================
2025-10-21 13:20:44 | [32mINFO[0m | rag_pipeline | log_startup:252 | RAG Pipeline Server Starting
2025-10-21 13:20:44 | [32mINFO[0m | rag_pipeline | log_startup:253 | Timestamp: 2025-10-21 13:20:44
2025-10-21 13:20:44 | [32mINFO[0m | rag_pipeline | log_startup:254 | Logs Directory: /Users/usman/Documents/Projects/rag-pipeline/logs
2025-10-21 13:20:44 | [32mINFO[0m | rag_pipeline | log_startup:255 | ================================================================================
2025-10-21 13:21:16 | [32mINFO[0m | rag_pipeline | log_startup:251 | ================================================================================
2025-10-21 13:21:16 | [32mINFO[0m | rag_pipeline | log_startup:252 | RAG Pipeline Server Starting
2025-10-21 13:21:16 | [32mINFO[0m | rag_pipeline | log_startup:253 | Timestamp: 2025-10-21 13:21:16
2025-10-21 13:21:16 | [32mINFO[0m | rag_pipeline | log_startup:254 | Logs Directory: /Users/usman/Documents/Projects/rag-pipeline/logs
2025-10-21 13:21:16 | [32mINFO[0m | rag_pipeline | log_startup:255 | ================================================================================
2025-10-21 13:24:39 | [32mINFO[0m | rag_pipeline | log_startup:251 | ================================================================================
2025-10-21 13:24:39 | [32mINFO[0m | rag_pipeline | log_startup:252 | RAG Pipeline Server Starting
2025-10-21 13:24:39 | [32mINFO[0m | rag_pipeline | log_startup:253 | Timestamp: 2025-10-21 13:24:39
2025-10-21 13:24:39 | [32mINFO[0m | rag_pipeline | log_startup:254 | Logs Directory: /Users/usman/Documents/Projects/rag-pipeline/logs
2025-10-21 13:24:39 | [32mINFO[0m | rag_pipeline | log_startup:255 | ================================================================================
2025-10-21 13:25:14 | [32mINFO[0m | rag_pipeline | log_startup:251 | ================================================================================
2025-10-21 13:25:14 | [32mINFO[0m | rag_pipeline | log_startup:252 | RAG Pipeline Server Starting
2025-10-21 13:25:14 | [32mINFO[0m | rag_pipeline | log_startup:253 | Timestamp: 2025-10-21 13:25:14
2025-10-21 13:25:14 | [32mINFO[0m | rag_pipeline | log_startup:254 | Logs Directory: /Users/usman/Documents/Projects/rag-pipeline/logs
2025-10-21 13:25:14 | [32mINFO[0m | rag_pipeline | log_startup:255 | ================================================================================
2025-10-21 15:33:58 | [32mINFO[0m | rag_pipeline | log_startup:251 | ================================================================================
2025-10-21 15:33:58 | [32mINFO[0m | rag_pipeline | log_startup:252 | RAG Pipeline Server Starting
2025-10-21 15:33:58 | [32mINFO[0m | rag_pipeline | log_startup:253 | Timestamp: 2025-10-21 15:33:58
2025-10-21 15:33:58 | [32mINFO[0m | rag_pipeline | log_startup:254 | Logs Directory: /Users/usman/Documents/Projects/rag-pipeline/logs
2025-10-21 15:33:58 | [32mINFO[0m | rag_pipeline | log_startup:255 | ================================================================================
2025-10-21 16:48:45 | [32mINFO[0m | rag_pipeline | log_startup:251 | ================================================================================
2025-10-21 16:48:45 | [32mINFO[0m | rag_pipeline | log_startup:252 | RAG Pipeline Server Starting
2025-10-21 16:48:45 | [32mINFO[0m | rag_pipeline | log_startup:253 | Timestamp: 2025-10-21 16:48:45
2025-10-21 16:48:45 | [32mINFO[0m | rag_pipeline | log_startup:254 | Logs Directory: /Users/usman/Documents/Projects/rag-pipeline/logs
2025-10-21 16:48:45 | [32mINFO[0m | rag_pipeline | log_startup:255 | ================================================================================
2025-10-21 16:52:03 | [32mINFO[0m | rag_pipeline | log_startup:251 | ================================================================================
2025-10-21 16:52:03 | [32mINFO[0m | rag_pipeline | log_startup:252 | RAG Pipeline Server Starting
2025-10-21 16:52:03 | [32mINFO[0m | rag_pipeline | log_startup:253 | Timestamp: 2025-10-21 16:52:03
2025-10-21 16:52:03 | [32mINFO[0m | rag_pipeline | log_startup:254 | Logs Directory: /Users/usman/Documents/Projects/rag-pipeline/logs
2025-10-21 16:52:03 | [32mINFO[0m | rag_pipeline | log_startup:255 | ================================================================================
2025-10-21 16:52:11 | [32mINFO[0m | rag_pipeline | log_shutdown:260 | ================================================================================
2025-10-21 16:52:11 | [32mINFO[0m | rag_pipeline | log_shutdown:261 | RAG Pipeline Server Shutting Down
2025-10-21 16:52:11 | [32mINFO[0m | rag_pipeline | log_shutdown:262 | Timestamp: 2025-10-21 16:52:11
2025-10-21 16:52:11 | [32mINFO[0m | rag_pipeline | log_shutdown:263 | ================================================================================
2025-10-21 16:52:11 | [32mINFO[0m | rag_pipeline | log_startup:251 | ================================================================================
2025-10-21 16:52:11 | [32mINFO[0m | rag_pipeline | log_startup:252 | RAG Pipeline Server Starting
2025-10-21 16:52:11 | [32mINFO[0m | rag_pipeline | log_startup:253 | Timestamp: 2025-10-21 16:52:11
2025-10-21 16:52:11 | [32mINFO[0m | rag_pipeline | log_startup:254 | Logs Directory: /Users/usman/Documents/Projects/rag-pipeline/logs
2025-10-21 16:52:11 | [32mINFO[0m | rag_pipeline | log_startup:255 | ================================================================================
2025-10-21 16:52:21 | [32mINFO[0m | rag_pipeline | log_startup:251 | ================================================================================
2025-10-21 16:52:21 | [32mINFO[0m | rag_pipeline | log_startup:252 | RAG Pipeline Server Starting
2025-10-21 16:52:21 | [32mINFO[0m | rag_pipeline | log_startup:253 | Timestamp: 2025-10-21 16:52:21
2025-10-21 16:52:21 | [32mINFO[0m | rag_pipeline | log_startup:254 | Logs Directory: /Users/usman/Documents/Projects/rag-pipeline/logs
2025-10-21 16:52:21 | [32mINFO[0m | rag_pipeline | log_startup:255 | ================================================================================
2025-10-21 16:52:36 | [32mINFO[0m | rag_pipeline | log_shutdown:260 | ================================================================================
2025-10-21 16:52:36 | [32mINFO[0m | rag_pipeline | log_shutdown:261 | RAG Pipeline Server Shutting Down
2025-10-21 16:52:36 | [32mINFO[0m | rag_pipeline | log_shutdown:262 | Timestamp: 2025-10-21 16:52:36
2025-10-21 16:52:36 | [32mINFO[0m | rag_pipeline | log_shutdown:263 | ================================================================================
2025-10-21 16:52:37 | [32mINFO[0m | rag_pipeline | log_startup:251 | ================================================================================
2025-10-21 16:52:37 | [32mINFO[0m | rag_pipeline | log_startup:252 | RAG Pipeline Server Starting
2025-10-21 16:52:37 | [32mINFO[0m | rag_pipeline | log_startup:253 | Timestamp: 2025-10-21 16:52:37
2025-10-21 16:52:37 | [32mINFO[0m | rag_pipeline | log_startup:254 | Logs Directory: /Users/usman/Documents/Projects/rag-pipeline/logs
2025-10-21 16:52:37 | [32mINFO[0m | rag_pipeline | log_startup:255 | ================================================================================
2025-10-21 16:55:15 | [32mINFO[0m | rag_pipeline | log_shutdown:260 | ================================================================================
2025-10-21 16:55:15 | [32mINFO[0m | rag_pipeline | log_shutdown:261 | RAG Pipeline Server Shutting Down
2025-10-21 16:55:15 | [32mINFO[0m | rag_pipeline | log_shutdown:262 | Timestamp: 2025-10-21 16:55:15
2025-10-21 16:55:15 | [32mINFO[0m | rag_pipeline | log_shutdown:263 | ================================================================================
2025-10-21 16:55:21 | [32mINFO[0m | rag_pipeline | log_startup:251 | ================================================================================
2025-10-21 16:55:21 | [32mINFO[0m | rag_pipeline | log_startup:252 | RAG Pipeline Server Starting
2025-10-21 16:55:21 | [32mINFO[0m | rag_pipeline | log_startup:253 | Timestamp: 2025-10-21 16:55:21
2025-10-21 16:55:21 | [32mINFO[0m | rag_pipeline | log_startup:254 | Logs Directory: /Users/usman/Documents/Projects/rag-pipeline/logs
2025-10-21 16:55:21 | [32mINFO[0m | rag_pipeline | log_startup:255 | ================================================================================
2025-10-21 16:55:32 | [32mINFO[0m | rag_pipeline | dispatch:23 | Request started: GET /docs [127.0.0.1]
2025-10-21 16:55:32 | [32mINFO[0m | rag_pipeline | dispatch:36 | Request completed: GET /docs -> 200 (1.50ms) [127.0.0.1]
2025-10-21 16:55:32 | [32mINFO[0m | rag_pipeline | dispatch:23 | Request started: GET /openapi.json [127.0.0.1]
2025-10-21 16:55:32 | [32mINFO[0m | rag_pipeline | dispatch:36 | Request completed: GET /openapi.json -> 200 (11.46ms) [127.0.0.1]
2025-10-21 16:56:32 | [32mINFO[0m | rag_pipeline | dispatch:23 | Request started: POST /auth/login [127.0.0.1]
2025-10-21 16:56:33 | [32mINFO[0m | rag_pipeline | authenticate_user:71 | User authenticated successfully: ufawad0@gmail.com (ID: 1)
2025-10-21 16:56:33 | [32mINFO[0m | rag_pipeline | create_tokens:94 | Tokens created for user: ufawad0@gmail.com (ID: 1)
2025-10-21 16:56:33 | [32mINFO[0m | rag_pipeline | dispatch:36 | Request completed: POST /auth/login -> 200 (246.83ms) [127.0.0.1]
2025-10-21 16:57:31 | [32mINFO[0m | rag_pipeline | dispatch:23 | Request started: POST /chat [127.0.0.1]
2025-10-21 16:57:31 | [32mINFO[0m | rag_pipeline | chat:242 | User ufawad0@gmail.com (ID: 1) asking question in domain 'therapy'
2025-10-21 18:59:40 | [32mINFO[0m | rag_pipeline | log_startup:251 | ================================================================================
2025-10-21 18:59:40 | [32mINFO[0m | rag_pipeline | log_startup:252 | RAG Pipeline Server Starting
2025-10-21 18:59:40 | [32mINFO[0m | rag_pipeline | log_startup:253 | Timestamp: 2025-10-21 18:59:40
2025-10-21 18:59:40 | [32mINFO[0m | rag_pipeline | log_startup:254 | Logs Directory: /Users/usman/Documents/Projects/rag-pipeline/logs
2025-10-21 18:59:40 | [32mINFO[0m | rag_pipeline | log_startup:255 | ================================================================================
2025-10-21 18:59:59 | [32mINFO[0m | rag_pipeline | dispatch:23 | Request started: POST /auth/login [127.0.0.1]
2025-10-21 18:59:59 | [32mINFO[0m | rag_pipeline | authenticate_user:71 | User authenticated successfully: ufawad0@gmail.com (ID: 1)
2025-10-21 18:59:59 | [32mINFO[0m | rag_pipeline | create_tokens:94 | Tokens created for user: ufawad0@gmail.com (ID: 1)
2025-10-21 18:59:59 | [32mINFO[0m | rag_pipeline | dispatch:36 | Request completed: POST /auth/login -> 200 (235.51ms) [127.0.0.1]
2025-10-21 19:00:32 | [32mINFO[0m | rag_pipeline | dispatch:23 | Request started: POST /chat [127.0.0.1]
2025-10-21 19:00:32 | [32mINFO[0m | rag_pipeline | chat:242 | User ufawad0@gmail.com (ID: 1) asking question in domain 'therapy'
2025-10-21 19:11:29 | [32mINFO[0m | rag_pipeline | log_startup:251 | ================================================================================
2025-10-21 19:11:29 | [32mINFO[0m | rag_pipeline | log_startup:252 | RAG Pipeline Server Starting
2025-10-21 19:11:29 | [32mINFO[0m | rag_pipeline | log_startup:253 | Timestamp: 2025-10-21 19:11:29
2025-10-21 19:11:29 | [32mINFO[0m | rag_pipeline | log_startup:254 | Logs Directory: /Users/usman/Documents/Projects/rag-pipeline/logs
2025-10-21 19:11:29 | [32mINFO[0m | rag_pipeline | log_startup:255 | ================================================================================
2025-10-21 19:11:33 | [32mINFO[0m | rag_pipeline | dispatch:23 | Request started: POST /auth/login [127.0.0.1]
2025-10-21 19:11:33 | [32mINFO[0m | rag_pipeline | authenticate_user:71 | User authenticated successfully: ufawad0@gmail.com (ID: 1)
2025-10-21 19:11:33 | [32mINFO[0m | rag_pipeline | create_tokens:94 | Tokens created for user: ufawad0@gmail.com (ID: 1)
2025-10-21 19:11:33 | [32mINFO[0m | rag_pipeline | dispatch:36 | Request completed: POST /auth/login -> 200 (233.63ms) [127.0.0.1]
2025-10-21 19:12:34 | [32mINFO[0m | rag_pipeline | dispatch:23 | Request started: POST /upload [127.0.0.1]
2025-10-21 19:12:34 | [32mINFO[0m | rag_pipeline | upload_file:158 | User ufawad0@gmail.com (ID: 1) uploading file 'Posttraumatic Stress Disorder-Associated.pdf' to domain 'therapy' with document name 'Post traumatic stress disorder'
2025-10-21 19:16:45 | [31mERROR[0m | rag_pipeline | upload_file:221 | Error processing file Posttraumatic Stress Disorder-Associated.pdf for user 1: HTTPSConnectionPool(host='deidra-therapy-68h5f1r.svc.aped-4627-b74a.pinecone.io', port=443): Max retries exceeded with url: /vectors/upsert (Caused by NameResolutionError("<urllib3.connection.HTTPSConnection object at 0x112f2f2c0>: Failed to resolve 'deidra-therapy-68h5f1r.svc.aped-4627-b74a.pinecone.io' ([Errno 8] nodename nor servname provided, or not known)"))
2025-10-21 19:16:45 | [32mINFO[0m | rag_pipeline | dispatch:36 | Request completed: POST /upload -> 500 (250990.01ms) [127.0.0.1]
2025-10-21 19:18:02 | [32mINFO[0m | rag_pipeline | log_shutdown:260 | ================================================================================
2025-10-21 19:18:02 | [32mINFO[0m | rag_pipeline | log_shutdown:261 | RAG Pipeline Server Shutting Down
2025-10-21 19:18:02 | [32mINFO[0m | rag_pipeline | log_shutdown:262 | Timestamp: 2025-10-21 19:18:02
2025-10-21 19:18:02 | [32mINFO[0m | rag_pipeline | log_shutdown:263 | ================================================================================
2025-10-21 19:18:03 | [32mINFO[0m | rag_pipeline | log_startup:251 | ================================================================================
2025-10-21 19:18:03 | [32mINFO[0m | rag_pipeline | log_startup:252 | RAG Pipeline Server Starting
2025-10-21 19:18:03 | [32mINFO[0m | rag_pipeline | log_startup:253 | Timestamp: 2025-10-21 19:18:03
2025-10-21 19:18:03 | [32mINFO[0m | rag_pipeline | log_startup:254 | Logs Directory: /Users/usman/Documents/Projects/rag-pipeline/logs
2025-10-21 19:18:03 | [32mINFO[0m | rag_pipeline | log_startup:255 | ================================================================================
2025-10-21 19:18:13 | [32mINFO[0m | rag_pipeline | log_startup:251 | ================================================================================
2025-10-21 19:18:13 | [32mINFO[0m | rag_pipeline | log_startup:252 | RAG Pipeline Server Starting
2025-10-21 19:18:13 | [32mINFO[0m | rag_pipeline | log_startup:253 | Timestamp: 2025-10-21 19:18:13
2025-10-21 19:18:13 | [32mINFO[0m | rag_pipeline | log_startup:254 | Logs Directory: /Users/usman/Documents/Projects/rag-pipeline/logs
2025-10-21 19:18:13 | [32mINFO[0m | rag_pipeline | log_startup:255 | ================================================================================
2025-10-21 19:18:21 | [32mINFO[0m | rag_pipeline | log_startup:251 | ================================================================================
2025-10-21 19:18:21 | [32mINFO[0m | rag_pipeline | log_startup:252 | RAG Pipeline Server Starting
2025-10-21 19:18:21 | [32mINFO[0m | rag_pipeline | log_startup:253 | Timestamp: 2025-10-21 19:18:21
2025-10-21 19:18:21 | [32mINFO[0m | rag_pipeline | log_startup:254 | Logs Directory: /Users/usman/Documents/Projects/rag-pipeline/logs
2025-10-21 19:18:21 | [32mINFO[0m | rag_pipeline | log_startup:255 | ================================================================================
2025-10-21 19:18:31 | [32mINFO[0m | rag_pipeline | log_startup:251 | ================================================================================
2025-10-21 19:18:31 | [32mINFO[0m | rag_pipeline | log_startup:252 | RAG Pipeline Server Starting
2025-10-21 19:18:31 | [32mINFO[0m | rag_pipeline | log_startup:253 | Timestamp: 2025-10-21 19:18:31
2025-10-21 19:18:31 | [32mINFO[0m | rag_pipeline | log_startup:254 | Logs Directory: /Users/usman/Documents/Projects/rag-pipeline/logs
2025-10-21 19:18:31 | [32mINFO[0m | rag_pipeline | log_startup:255 | ================================================================================
2025-10-21 19:18:41 | [32mINFO[0m | rag_pipeline | log_startup:251 | ================================================================================
2025-10-21 19:18:41 | [32mINFO[0m | rag_pipeline | log_startup:252 | RAG Pipeline Server Starting
2025-10-21 19:18:41 | [32mINFO[0m | rag_pipeline | log_startup:253 | Timestamp: 2025-10-21 19:18:41
2025-10-21 19:18:41 | [32mINFO[0m | rag_pipeline | log_startup:254 | Logs Directory: /Users/usman/Documents/Projects/rag-pipeline/logs
2025-10-21 19:18:41 | [32mINFO[0m | rag_pipeline | log_startup:255 | ================================================================================
2025-10-21 19:18:54 | [32mINFO[0m | rag_pipeline | log_startup:251 | ================================================================================
2025-10-21 19:18:54 | [32mINFO[0m | rag_pipeline | log_startup:252 | RAG Pipeline Server Starting
2025-10-21 19:18:54 | [32mINFO[0m | rag_pipeline | log_startup:253 | Timestamp: 2025-10-21 19:18:54
2025-10-21 19:18:54 | [32mINFO[0m | rag_pipeline | log_startup:254 | Logs Directory: /Users/usman/Documents/Projects/rag-pipeline/logs
2025-10-21 19:18:54 | [32mINFO[0m | rag_pipeline | log_startup:255 | ================================================================================
2025-10-21 19:19:02 | [32mINFO[0m | rag_pipeline | log_startup:251 | ================================================================================
2025-10-21 19:19:02 | [32mINFO[0m | rag_pipeline | log_startup:252 | RAG Pipeline Server Starting
2025-10-21 19:19:02 | [32mINFO[0m | rag_pipeline | log_startup:253 | Timestamp: 2025-10-21 19:19:02
2025-10-21 19:19:02 | [32mINFO[0m | rag_pipeline | log_startup:254 | Logs Directory: /Users/usman/Documents/Projects/rag-pipeline/logs
2025-10-21 19:19:02 | [32mINFO[0m | rag_pipeline | log_startup:255 | ================================================================================
2025-10-21 19:19:16 | [32mINFO[0m | rag_pipeline | log_startup:251 | ================================================================================
2025-10-21 19:19:16 | [32mINFO[0m | rag_pipeline | log_startup:252 | RAG Pipeline Server Starting
2025-10-21 19:19:16 | [32mINFO[0m | rag_pipeline | log_startup:253 | Timestamp: 2025-10-21 19:19:16
2025-10-21 19:19:16 | [32mINFO[0m | rag_pipeline | log_startup:254 | Logs Directory: /Users/usman/Documents/Projects/rag-pipeline/logs
2025-10-21 19:19:16 | [32mINFO[0m | rag_pipeline | log_startup:255 | ================================================================================
2025-10-21 19:19:29 | [32mINFO[0m | rag_pipeline | dispatch:23 | Request started: POST /upload [127.0.0.1]
2025-10-21 19:19:29 | [32mINFO[0m | rag_pipeline | upload_file:158 | User ufawad0@gmail.com (ID: 1) uploading file 'Posttraumatic Stress Disorder-Associated.pdf' to domain 'therapy' with document name 'Post traumatic stress disorder'
2025-10-21 19:19:51 | [32mINFO[0m | rag_pipeline | upload_file:204 | Upload completed for user 1: Posttraumatic Stress Disorder-Associated.pdf -> 33 chunks
2025-10-21 19:19:51 | [32mINFO[0m | rag_pipeline | dispatch:36 | Request completed: POST /upload -> 200 (21175.18ms) [127.0.0.1]
2025-10-21 19:20:03 | [32mINFO[0m | rag_pipeline | dispatch:23 | Request started: POST /chat [127.0.0.1]
2025-10-21 19:20:03 | [32mINFO[0m | rag_pipeline | chat:242 | User ufawad0@gmail.com (ID: 1) asking question in domain 'therapy'
2025-10-21 19:20:03 | [32mINFO[0m | rag_pipeline | _retrieve:298 | Starting document retrieval for query: 'What is the intended use of the IES-R (diagnostic ...'
2025-10-21 19:20:03 | [32mINFO[0m | rag_pipeline | _retrieve_with_hybrid_strategy:238 | Starting retrieval for query: 'What is the intended use of the IES-R (diagnostic vs. screening)?...'
2025-10-21 19:20:03 | [32mINFO[0m | rag_pipeline | _retrieve_with_hybrid_strategy:242 | Query preprocessed in 0.00s
2025-10-21 19:20:07 | [32mINFO[0m | rag_pipeline | _retrieve_with_hybrid_strategy:257 | Retriever returned 0 docs in 4.03s
2025-10-21 19:20:07 | [32mINFO[0m | rag_pipeline | _retrieve:306 | Retrieved 0 documents in 4.03s
2025-10-21 19:20:07 | [32mINFO[0m | rag_pipeline | _timed_llm_call:379 | Starting LLM generation for question: 'What is the intended use of the IES-R (diagnostic ...'
2025-10-21 19:20:07 | [32mINFO[0m | rag_pipeline | _timed_llm_call:383 | Context formatted in 0.00s
2025-10-21 19:20:10 | [32mINFO[0m | rag_pipeline | _timed_llm_call:390 | LLM response generated in 3.25s
2025-10-21 19:20:10 | [32mINFO[0m | rag_pipeline | chat:257 | Chat completed for user 1 in domain 'therapy'
2025-10-21 19:20:10 | [32mINFO[0m | rag_pipeline | dispatch:36 | Request completed: POST /chat -> 200 (7327.44ms) [127.0.0.1]
2025-10-21 19:20:49 | [32mINFO[0m | rag_pipeline | dispatch:23 | Request started: POST /chat [127.0.0.1]
2025-10-21 19:20:49 | [32mINFO[0m | rag_pipeline | chat:242 | User ufawad0@gmail.com (ID: 1) asking question in domain 'therapy'
2025-10-21 19:20:49 | [32mINFO[0m | rag_pipeline | _retrieve:298 | Starting document retrieval for query: 'How long does the CAPS-5 interview typically take?...'
2025-10-21 19:20:49 | [32mINFO[0m | rag_pipeline | _retrieve_with_hybrid_strategy:238 | Starting retrieval for query: 'How long does the CAPS-5 interview typically take?...'
2025-10-21 19:20:49 | [32mINFO[0m | rag_pipeline | _retrieve_with_hybrid_strategy:242 | Query preprocessed in 0.00s
2025-10-21 19:20:52 | [32mINFO[0m | rag_pipeline | _retrieve_with_hybrid_strategy:257 | Retriever returned 0 docs in 3.81s
2025-10-21 19:20:52 | [32mINFO[0m | rag_pipeline | _retrieve:306 | Retrieved 0 documents in 3.81s
2025-10-21 19:20:52 | [32mINFO[0m | rag_pipeline | _timed_llm_call:379 | Starting LLM generation for question: 'How long does the CAPS-5 interview typically take?...'
2025-10-21 19:20:52 | [32mINFO[0m | rag_pipeline | _timed_llm_call:383 | Context formatted in 0.00s
2025-10-21 19:20:55 | [32mINFO[0m | rag_pipeline | _timed_llm_call:390 | LLM response generated in 2.66s
2025-10-21 19:20:55 | [32mINFO[0m | rag_pipeline | chat:257 | Chat completed for user 1 in domain 'therapy'
2025-10-21 19:20:55 | [32mINFO[0m | rag_pipeline | dispatch:36 | Request completed: POST /chat -> 200 (6503.18ms) [127.0.0.1]
2025-10-21 19:21:27 | [32mINFO[0m | rag_pipeline | dispatch:23 | Request started: POST /chat [127.0.0.1]
2025-10-21 19:21:27 | [32mINFO[0m | rag_pipeline | chat:242 | User ufawad0@gmail.com (ID: 1) asking question in domain 'therapy'
2025-10-21 19:21:27 | [32mINFO[0m | rag_pipeline | _retrieve:298 | Starting document retrieval for query: 'What is the CAPS-5 and who developed it?...'
2025-10-21 19:21:27 | [32mINFO[0m | rag_pipeline | _retrieve_with_hybrid_strategy:238 | Starting retrieval for query: 'What is the CAPS-5 and who developed it?...'
2025-10-21 19:21:27 | [32mINFO[0m | rag_pipeline | _retrieve_with_hybrid_strategy:242 | Query preprocessed in 0.00s
2025-10-21 19:21:31 | [32mINFO[0m | rag_pipeline | _retrieve_with_hybrid_strategy:257 | Retriever returned 0 docs in 3.45s
2025-10-21 19:21:31 | [32mINFO[0m | rag_pipeline | _retrieve:306 | Retrieved 0 documents in 3.45s
2025-10-21 19:21:31 | [32mINFO[0m | rag_pipeline | _timed_llm_call:379 | Starting LLM generation for question: 'What is the CAPS-5 and who developed it?...'
2025-10-21 19:21:31 | [32mINFO[0m | rag_pipeline | _timed_llm_call:383 | Context formatted in 0.00s
2025-10-21 19:21:34 | [32mINFO[0m | rag_pipeline | _timed_llm_call:390 | LLM response generated in 3.53s
2025-10-21 19:21:34 | [32mINFO[0m | rag_pipeline | chat:257 | Chat completed for user 1 in domain 'therapy'
2025-10-21 19:21:34 | [32mINFO[0m | rag_pipeline | dispatch:36 | Request completed: POST /chat -> 200 (7007.47ms) [127.0.0.1]
2025-10-21 19:21:41 | [32mINFO[0m | rag_pipeline | log_shutdown:260 | ================================================================================
2025-10-21 19:21:41 | [32mINFO[0m | rag_pipeline | log_shutdown:261 | RAG Pipeline Server Shutting Down
2025-10-21 19:21:41 | [32mINFO[0m | rag_pipeline | log_shutdown:262 | Timestamp: 2025-10-21 19:21:41
2025-10-21 19:21:41 | [32mINFO[0m | rag_pipeline | log_shutdown:263 | ================================================================================
2025-10-28 00:04:41 | [32mINFO[0m | rag_pipeline | log_startup:251 | ================================================================================
2025-10-28 00:04:41 | [32mINFO[0m | rag_pipeline | log_startup:252 | RAG Pipeline Server Starting
2025-10-28 00:04:41 | [32mINFO[0m | rag_pipeline | log_startup:253 | Timestamp: 2025-10-28 00:04:41
2025-10-28 00:04:41 | [32mINFO[0m | rag_pipeline | log_startup:254 | Logs Directory: /Users/usman/Documents/Projects/rag-pipeline/logs
2025-10-28 00:04:41 | [32mINFO[0m | rag_pipeline | log_startup:255 | ================================================================================
2025-10-28 00:07:00 | [32mINFO[0m | rag_pipeline | dispatch:23 | Request started: GET /docs [127.0.0.1]
2025-10-28 00:07:00 | [32mINFO[0m | rag_pipeline | dispatch:36 | Request completed: GET /docs -> 200 (1.39ms) [127.0.0.1]
2025-10-28 00:07:01 | [32mINFO[0m | rag_pipeline | dispatch:23 | Request started: GET /openapi.json [127.0.0.1]
2025-10-28 00:07:01 | [32mINFO[0m | rag_pipeline | dispatch:36 | Request completed: GET /openapi.json -> 200 (10.05ms) [127.0.0.1]
2025-10-28 00:07:23 | [32mINFO[0m | rag_pipeline | dispatch:23 | Request started: POST /auth/login [127.0.0.1]
2025-10-28 00:07:24 | [33mWARNING[0m | rag_pipeline | authenticate_user:61 | Failed login attempt for: ufawad0@gmail.com
2025-10-28 00:07:24 | [32mINFO[0m | rag_pipeline | dispatch:36 | Request completed: POST /auth/login -> 401 (234.32ms) [127.0.0.1]
2025-10-28 00:07:34 | [32mINFO[0m | rag_pipeline | dispatch:23 | Request started: POST /auth/login [127.0.0.1]
2025-10-28 00:07:34 | [32mINFO[0m | rag_pipeline | authenticate_user:71 | User authenticated successfully: ufawad0@gmail.com (ID: 1)
2025-10-28 00:07:34 | [32mINFO[0m | rag_pipeline | create_tokens:94 | Tokens created for user: ufawad0@gmail.com (ID: 1)
2025-10-28 00:07:34 | [32mINFO[0m | rag_pipeline | dispatch:36 | Request completed: POST /auth/login -> 200 (217.88ms) [127.0.0.1]
2025-10-28 00:08:45 | [32mINFO[0m | rag_pipeline | dispatch:23 | Request started: POST /auth/login [127.0.0.1]
2025-10-28 00:08:45 | [32mINFO[0m | rag_pipeline | authenticate_user:71 | User authenticated successfully: ufawad0@gmail.com (ID: 1)
2025-10-28 00:08:45 | [32mINFO[0m | rag_pipeline | create_tokens:94 | Tokens created for user: ufawad0@gmail.com (ID: 1)
2025-10-28 00:08:45 | [32mINFO[0m | rag_pipeline | dispatch:36 | Request completed: POST /auth/login -> 200 (211.59ms) [127.0.0.1]
2025-10-28 00:10:19 | [32mINFO[0m | rag_pipeline | log_shutdown:260 | ================================================================================
2025-10-28 00:10:19 | [32mINFO[0m | rag_pipeline | log_shutdown:261 | RAG Pipeline Server Shutting Down
2025-10-28 00:10:19 | [32mINFO[0m | rag_pipeline | log_shutdown:262 | Timestamp: 2025-10-28 00:10:19
2025-10-28 00:10:19 | [32mINFO[0m | rag_pipeline | log_shutdown:263 | ================================================================================
2025-10-28 00:10:20 | [32mINFO[0m | rag_pipeline | log_startup:251 | ================================================================================
2025-10-28 00:10:20 | [32mINFO[0m | rag_pipeline | log_startup:252 | RAG Pipeline Server Starting
2025-10-28 00:10:20 | [32mINFO[0m | rag_pipeline | log_startup:253 | Timestamp: 2025-10-28 00:10:20
2025-10-28 00:10:20 | [32mINFO[0m | rag_pipeline | log_startup:254 | Logs Directory: /Users/usman/Documents/Projects/rag-pipeline/logs
2025-10-28 00:10:20 | [32mINFO[0m | rag_pipeline | log_startup:255 | ================================================================================
2025-10-28 00:10:22 | [32mINFO[0m | rag_pipeline | log_shutdown:260 | ================================================================================
2025-10-28 00:10:22 | [32mINFO[0m | rag_pipeline | log_shutdown:261 | RAG Pipeline Server Shutting Down
2025-10-28 00:10:22 | [32mINFO[0m | rag_pipeline | log_shutdown:262 | Timestamp: 2025-10-28 00:10:22
2025-10-28 00:10:22 | [32mINFO[0m | rag_pipeline | log_shutdown:263 | ================================================================================
2025-10-28 00:10:23 | [32mINFO[0m | rag_pipeline | log_startup:251 | ================================================================================
2025-10-28 00:10:23 | [32mINFO[0m | rag_pipeline | log_startup:252 | RAG Pipeline Server Starting
2025-10-28 00:10:23 | [32mINFO[0m | rag_pipeline | log_startup:253 | Timestamp: 2025-10-28 00:10:23
2025-10-28 00:10:23 | [32mINFO[0m | rag_pipeline | log_startup:254 | Logs Directory: /Users/usman/Documents/Projects/rag-pipeline/logs
2025-10-28 00:10:23 | [32mINFO[0m | rag_pipeline | log_startup:255 | ================================================================================
2025-10-28 00:10:33 | [32mINFO[0m | rag_pipeline | log_startup:251 | ================================================================================
2025-10-28 00:10:33 | [32mINFO[0m | rag_pipeline | log_startup:252 | RAG Pipeline Server Starting
2025-10-28 00:10:33 | [32mINFO[0m | rag_pipeline | log_startup:253 | Timestamp: 2025-10-28 00:10:33
2025-10-28 00:10:33 | [32mINFO[0m | rag_pipeline | log_startup:254 | Logs Directory: /Users/usman/Documents/Projects/rag-pipeline/logs
2025-10-28 00:10:33 | [32mINFO[0m | rag_pipeline | log_startup:255 | ================================================================================
2025-10-28 00:10:39 | [32mINFO[0m | rag_pipeline | log_startup:251 | ================================================================================
2025-10-28 00:10:39 | [32mINFO[0m | rag_pipeline | log_startup:252 | RAG Pipeline Server Starting
2025-10-28 00:10:39 | [32mINFO[0m | rag_pipeline | log_startup:253 | Timestamp: 2025-10-28 00:10:39
2025-10-28 00:10:39 | [32mINFO[0m | rag_pipeline | log_startup:254 | Logs Directory: /Users/usman/Documents/Projects/rag-pipeline/logs
2025-10-28 00:10:39 | [32mINFO[0m | rag_pipeline | log_startup:255 | ================================================================================
2025-10-28 00:12:02 | [32mINFO[0m | rag_pipeline | dispatch:23 | Request started: GET /docs [127.0.0.1]
2025-10-28 00:12:02 | [32mINFO[0m | rag_pipeline | dispatch:36 | Request completed: GET /docs -> 200 (1.38ms) [127.0.0.1]
2025-10-28 00:12:02 | [32mINFO[0m | rag_pipeline | dispatch:23 | Request started: GET /openapi.json [127.0.0.1]
2025-10-28 00:12:02 | [32mINFO[0m | rag_pipeline | dispatch:36 | Request completed: GET /openapi.json -> 200 (10.05ms) [127.0.0.1]
2025-10-28 00:12:12 | [32mINFO[0m | rag_pipeline | dispatch:23 | Request started: GET /auth/get_user [127.0.0.1]
2025-10-28 00:12:12 | [32mINFO[0m | rag_pipeline | dispatch:36 | Request completed: GET /auth/get_user -> 200 (19.77ms) [127.0.0.1]
2025-10-28 00:12:17 | [32mINFO[0m | rag_pipeline | dispatch:23 | Request started: GET /auth/me [127.0.0.1]
2025-10-28 00:12:17 | [32mINFO[0m | rag_pipeline | dispatch:36 | Request completed: GET /auth/me -> 200 (3.20ms) [127.0.0.1]
2025-10-28 00:12:17 | [32mINFO[0m | rag_pipeline | dispatch:23 | Request started: GET /auth/me [127.0.0.1]
2025-10-28 00:12:17 | [32mINFO[0m | rag_pipeline | dispatch:36 | Request completed: GET /auth/me -> 200 (0.85ms) [127.0.0.1]
2025-10-28 00:12:41 | [32mINFO[0m | rag_pipeline | dispatch:23 | Request started: GET /models [127.0.0.1]
2025-10-28 00:12:41 | [32mINFO[0m | rag_pipeline | dispatch:36 | Request completed: GET /models -> 200 (3.63ms) [127.0.0.1]
2025-10-28 00:12:44 | [32mINFO[0m | rag_pipeline | dispatch:23 | Request started: GET /auth/get_user [127.0.0.1]
2025-10-28 00:12:44 | [32mINFO[0m | rag_pipeline | dispatch:36 | Request completed: GET /auth/get_user -> 200 (2.98ms) [127.0.0.1]
2025-10-28 00:12:47 | [32mINFO[0m | rag_pipeline | dispatch:23 | Request started: GET /auth/get_user [127.0.0.1]
2025-10-28 00:12:47 | [32mINFO[0m | rag_pipeline | dispatch:36 | Request completed: GET /auth/get_user -> 200 (2.00ms) [127.0.0.1]
2025-10-28 00:12:56 | [32mINFO[0m | rag_pipeline | dispatch:23 | Request started: GET /auth/get_user [127.0.0.1]
2025-10-28 00:12:56 | [32mINFO[0m | rag_pipeline | dispatch:36 | Request completed: GET /auth/get_user -> 200 (2.00ms) [127.0.0.1]
2025-10-28 00:12:57 | [32mINFO[0m | rag_pipeline | dispatch:23 | Request started: GET /chat/models [127.0.0.1]
2025-10-28 00:12:57 | [32mINFO[0m | rag_pipeline | dispatch:36 | Request completed: GET /chat/models -> 200 (1.06ms) [127.0.0.1]
2025-10-28 00:12:58 | [32mINFO[0m | rag_pipeline | dispatch:23 | Request started: GET /auth/get_user [127.0.0.1]
2025-10-28 00:12:58 | [32mINFO[0m | rag_pipeline | dispatch:36 | Request completed: GET /auth/get_user -> 200 (2.30ms) [127.0.0.1]
2025-10-28 00:13:01 | [32mINFO[0m | rag_pipeline | dispatch:23 | Request started: GET /auth/get_user [127.0.0.1]
2025-10-28 00:13:01 | [32mINFO[0m | rag_pipeline | dispatch:36 | Request completed: GET /auth/get_user -> 200 (2.76ms) [127.0.0.1]
2025-10-28 00:13:10 | [32mINFO[0m | rag_pipeline | dispatch:23 | Request started: GET /auth/get_user [127.0.0.1]
2025-10-28 00:13:10 | [32mINFO[0m | rag_pipeline | dispatch:36 | Request completed: GET /auth/get_user -> 200 (1.62ms) [127.0.0.1]
2025-10-28 00:13:59 | [32mINFO[0m | rag_pipeline | dispatch:23 | Request started: GET /auth/get_user [127.0.0.1]
2025-10-28 00:13:59 | [32mINFO[0m | rag_pipeline | dispatch:36 | Request completed: GET /auth/get_user -> 200 (3.07ms) [127.0.0.1]
2025-10-28 00:14:05 | [32mINFO[0m | rag_pipeline | dispatch:23 | Request started: GET /auth/get_user [127.0.0.1]
2025-10-28 00:14:05 | [32mINFO[0m | rag_pipeline | dispatch:36 | Request completed: GET /auth/get_user -> 200 (1.37ms) [127.0.0.1]
2025-10-28 00:14:05 | [32mINFO[0m | rag_pipeline | dispatch:23 | Request started: GET /auth/get_user [127.0.0.1]
2025-10-28 00:14:05 | [32mINFO[0m | rag_pipeline | dispatch:36 | Request completed: GET /auth/get_user -> 200 (2.49ms) [127.0.0.1]
2025-10-28 00:14:06 | [32mINFO[0m | rag_pipeline | dispatch:23 | Request started: GET /auth/get_user [127.0.0.1]
2025-10-28 00:14:06 | [32mINFO[0m | rag_pipeline | dispatch:36 | Request completed: GET /auth/get_user -> 200 (2.97ms) [127.0.0.1]
2025-10-28 00:14:08 | [32mINFO[0m | rag_pipeline | dispatch:23 | Request started: GET /auth/get_user [127.0.0.1]
2025-10-28 00:14:08 | [32mINFO[0m | rag_pipeline | dispatch:36 | Request completed: GET /auth/get_user -> 200 (2.61ms) [127.0.0.1]
2025-10-28 00:14:08 | [32mINFO[0m | rag_pipeline | dispatch:23 | Request started: GET /chat/models [127.0.0.1]
2025-10-28 00:14:08 | [32mINFO[0m | rag_pipeline | dispatch:36 | Request completed: GET /chat/models -> 200 (0.69ms) [127.0.0.1]
2025-10-28 00:14:08 | [32mINFO[0m | rag_pipeline | dispatch:23 | Request started: GET /chat/models [127.0.0.1]
2025-10-28 00:14:08 | [32mINFO[0m | rag_pipeline | dispatch:36 | Request completed: GET /chat/models -> 200 (0.43ms) [127.0.0.1]
2025-10-28 00:15:48 | [32mINFO[0m | rag_pipeline | dispatch:23 | Request started: GET /chat/models [127.0.0.1]
2025-10-28 00:15:48 | [32mINFO[0m | rag_pipeline | dispatch:36 | Request completed: GET /chat/models -> 200 (1.86ms) [127.0.0.1]
2025-10-28 00:15:48 | [32mINFO[0m | rag_pipeline | dispatch:23 | Request started: GET /chat/models [127.0.0.1]
2025-10-28 00:15:48 | [32mINFO[0m | rag_pipeline | dispatch:36 | Request completed: GET /chat/models -> 200 (0.61ms) [127.0.0.1]
2025-10-28 00:18:21 | [32mINFO[0m | rag_pipeline | dispatch:23 | Request started: GET /auth/get_user [127.0.0.1]
2025-10-28 00:18:21 | [32mINFO[0m | rag_pipeline | dispatch:36 | Request completed: GET /auth/get_user -> 200 (6.36ms) [127.0.0.1]
2025-10-28 00:18:21 | [32mINFO[0m | rag_pipeline | dispatch:23 | Request started: GET /chat/models [127.0.0.1]
2025-10-28 00:18:21 | [32mINFO[0m | rag_pipeline | dispatch:36 | Request completed: GET /chat/models -> 200 (0.90ms) [127.0.0.1]
2025-10-28 00:18:21 | [32mINFO[0m | rag_pipeline | dispatch:23 | Request started: GET /chat/models [127.0.0.1]
2025-10-28 00:18:21 | [32mINFO[0m | rag_pipeline | dispatch:36 | Request completed: GET /chat/models -> 200 (0.43ms) [127.0.0.1]
2025-10-28 00:23:03 | [32mINFO[0m | rag_pipeline | dispatch:23 | Request started: GET /chat/models [127.0.0.1]
2025-10-28 00:23:03 | [32mINFO[0m | rag_pipeline | dispatch:36 | Request completed: GET /chat/models -> 200 (1.09ms) [127.0.0.1]
2025-10-28 00:24:31 | [32mINFO[0m | rag_pipeline | dispatch:23 | Request started: GET /chat/models [127.0.0.1]
2025-10-28 00:24:31 | [32mINFO[0m | rag_pipeline | dispatch:36 | Request completed: GET /chat/models -> 200 (1.56ms) [127.0.0.1]
2025-10-28 00:26:42 | [32mINFO[0m | rag_pipeline | dispatch:23 | Request started: GET /chat/models [127.0.0.1]
2025-10-28 00:26:42 | [32mINFO[0m | rag_pipeline | dispatch:36 | Request completed: GET /chat/models -> 200 (1.30ms) [127.0.0.1]
2025-10-28 00:26:42 | [32mINFO[0m | rag_pipeline | dispatch:23 | Request started: GET /chat/models [127.0.0.1]
2025-10-28 00:26:42 | [32mINFO[0m | rag_pipeline | dispatch:36 | Request completed: GET /chat/models -> 200 (0.62ms) [127.0.0.1]
2025-10-28 00:28:42 | [32mINFO[0m | rag_pipeline | dispatch:23 | Request started: GET /chat/models [127.0.0.1]
2025-10-28 00:28:42 | [32mINFO[0m | rag_pipeline | dispatch:36 | Request completed: GET /chat/models -> 200 (1.45ms) [127.0.0.1]
2025-10-28 00:28:42 | [32mINFO[0m | rag_pipeline | dispatch:23 | Request started: GET /chat/models [127.0.0.1]
2025-10-28 00:28:42 | [32mINFO[0m | rag_pipeline | dispatch:36 | Request completed: GET /chat/models -> 200 (0.57ms) [127.0.0.1]
2025-10-28 00:28:45 | [32mINFO[0m | rag_pipeline | dispatch:23 | Request started: GET /chat/models [127.0.0.1]
2025-10-28 00:28:45 | [32mINFO[0m | rag_pipeline | dispatch:36 | Request completed: GET /chat/models -> 200 (0.80ms) [127.0.0.1]
2025-10-28 00:28:45 | [32mINFO[0m | rag_pipeline | dispatch:23 | Request started: GET /chat/models [127.0.0.1]
2025-10-28 00:28:45 | [32mINFO[0m | rag_pipeline | dispatch:36 | Request completed: GET /chat/models -> 200 (0.53ms) [127.0.0.1]
2025-10-28 00:32:05 | [32mINFO[0m | rag_pipeline | dispatch:23 | Request started: GET /auth/get_user [127.0.0.1]
2025-10-28 00:32:05 | [32mINFO[0m | rag_pipeline | dispatch:36 | Request completed: GET /auth/get_user -> 200 (6.84ms) [127.0.0.1]
2025-10-28 00:32:05 | [32mINFO[0m | rag_pipeline | dispatch:23 | Request started: GET /chat/models [127.0.0.1]
2025-10-28 00:32:05 | [32mINFO[0m | rag_pipeline | dispatch:36 | Request completed: GET /chat/models -> 200 (1.07ms) [127.0.0.1]
2025-10-28 00:32:05 | [32mINFO[0m | rag_pipeline | dispatch:23 | Request started: GET /chat/models [127.0.0.1]
2025-10-28 00:32:05 | [32mINFO[0m | rag_pipeline | dispatch:36 | Request completed: GET /chat/models -> 200 (0.46ms) [127.0.0.1]
2025-10-28 00:35:32 | [32mINFO[0m | rag_pipeline | dispatch:23 | Request started: POST /auth/login [127.0.0.1]
2025-10-28 00:35:32 | [32mINFO[0m | rag_pipeline | authenticate_user:71 | User authenticated successfully: ufawad0@gmail.com (ID: 1)
2025-10-28 00:35:32 | [32mINFO[0m | rag_pipeline | create_tokens:94 | Tokens created for user: ufawad0@gmail.com (ID: 1)
2025-10-28 00:35:32 | [32mINFO[0m | rag_pipeline | dispatch:36 | Request completed: POST /auth/login -> 200 (232.67ms) [127.0.0.1]
2025-10-28 00:36:02 | [32mINFO[0m | rag_pipeline | dispatch:23 | Request started: POST /chat [127.0.0.1]
2025-10-28 00:36:02 | [32mINFO[0m | rag_pipeline | chat:293 | User ufawad0@gmail.com (ID: 1) asking question in domain 'therapy'
2025-10-28 00:36:03 | [32mINFO[0m | rag_pipeline | _retrieve:385 | Starting document retrieval for query: 'I cant have sex. What's the cause...'
2025-10-28 00:36:03 | [32mINFO[0m | rag_pipeline | _retrieve_with_hybrid_strategy:242 | Starting retrieval for query: 'I cant have sex. What's the cause...'
2025-10-28 00:36:03 | [32mINFO[0m | rag_pipeline | _retrieve_with_hybrid_strategy:246 | Query preprocessed in 0.00s
2025-10-28 00:36:03 | [32mINFO[0m | rag_pipeline | _retrieve_with_hybrid_strategy:258 | About to call retriever.invoke() at 0.00s
2025-10-28 00:36:12 | [32mINFO[0m | rag_pipeline | _retrieve_with_hybrid_strategy:268 | Retriever returned 5 docs in 8.37s
2025-10-28 00:36:12 | [32mINFO[0m | rag_pipeline | _retrieve_with_hybrid_strategy:306 | Trying score-based filtering...
2025-10-28 00:36:13 | [32mINFO[0m | rag_pipeline | _retrieve_with_hybrid_strategy:350 | Final retrieval completed with 5 docs in 10.05s
2025-10-28 00:36:13 | [32mINFO[0m | rag_pipeline | _retrieve:393 | Retrieved 5 documents in 10.05s
2025-10-28 00:36:13 | [32mINFO[0m | rag_pipeline | _timed_llm_call:466 | Starting LLM generation for question: 'I cant have sex. What's the cause...'
2025-10-28 00:36:13 | [32mINFO[0m | rag_pipeline | _timed_llm_call:470 | Context formatted in 0.00s
2025-10-28 00:36:18 | [32mINFO[0m | rag_pipeline | _timed_llm_call:477 | LLM response generated in 4.52s
2025-10-28 00:36:18 | [32mINFO[0m | rag_pipeline | chat:308 | Chat completed for user 1 in domain 'therapy'
2025-10-28 00:36:18 | [32mINFO[0m | rag_pipeline | dispatch:36 | Request completed: POST /chat -> 200 (15654.16ms) [127.0.0.1]
2025-10-28 00:36:18 | [32mINFO[0m | rag_pipeline | log_shutdown:260 | ================================================================================
2025-10-28 00:36:18 | [32mINFO[0m | rag_pipeline | log_shutdown:261 | RAG Pipeline Server Shutting Down
2025-10-28 00:36:18 | [32mINFO[0m | rag_pipeline | log_shutdown:262 | Timestamp: 2025-10-28 00:36:18
2025-10-28 00:36:18 | [32mINFO[0m | rag_pipeline | log_shutdown:263 | ================================================================================
2025-10-28 00:36:19 | [32mINFO[0m | rag_pipeline | log_startup:251 | ================================================================================
2025-10-28 00:36:19 | [32mINFO[0m | rag_pipeline | log_startup:252 | RAG Pipeline Server Starting
2025-10-28 00:36:19 | [32mINFO[0m | rag_pipeline | log_startup:253 | Timestamp: 2025-10-28 00:36:19
2025-10-28 00:36:19 | [32mINFO[0m | rag_pipeline | log_startup:254 | Logs Directory: /Users/usman/Documents/Projects/rag-pipeline/logs
2025-10-28 00:36:19 | [32mINFO[0m | rag_pipeline | log_startup:255 | ================================================================================
2025-10-28 00:36:24 | [32mINFO[0m | rag_pipeline | log_startup:251 | ================================================================================
2025-10-28 00:36:24 | [32mINFO[0m | rag_pipeline | log_startup:252 | RAG Pipeline Server Starting
2025-10-28 00:36:24 | [32mINFO[0m | rag_pipeline | log_startup:253 | Timestamp: 2025-10-28 00:36:24
2025-10-28 00:36:24 | [32mINFO[0m | rag_pipeline | log_startup:254 | Logs Directory: /Users/usman/Documents/Projects/rag-pipeline/logs
2025-10-28 00:36:24 | [32mINFO[0m | rag_pipeline | log_startup:255 | ================================================================================
2025-10-28 00:37:55 | [32mINFO[0m | rag_pipeline | dispatch:23 | Request started: GET /auth/get_user [127.0.0.1]
2025-10-28 00:37:55 | [32mINFO[0m | rag_pipeline | dispatch:36 | Request completed: GET /auth/get_user -> 200 (13.39ms) [127.0.0.1]
2025-10-28 00:37:55 | [32mINFO[0m | rag_pipeline | dispatch:23 | Request started: GET /chat/models [127.0.0.1]
2025-10-28 00:37:55 | [32mINFO[0m | rag_pipeline | dispatch:36 | Request completed: GET /chat/models -> 200 (0.80ms) [127.0.0.1]
2025-10-28 00:37:55 | [32mINFO[0m | rag_pipeline | dispatch:23 | Request started: GET /chat/models [127.0.0.1]
2025-10-28 00:37:55 | [32mINFO[0m | rag_pipeline | dispatch:36 | Request completed: GET /chat/models -> 200 (0.46ms) [127.0.0.1]
2025-10-28 00:39:47 | [32mINFO[0m | rag_pipeline | dispatch:23 | Request started: POST /chat [127.0.0.1]
2025-10-28 00:39:47 | [32mINFO[0m | rag_pipeline | chat:293 | User ufawad0@gmail.com (ID: 1) asking question in domain 'therapy'
2025-10-28 00:39:48 | [32mINFO[0m | rag_pipeline | _retrieve:385 | Starting document retrieval for query: 'I cant have sex. What's the cause...'
2025-10-28 00:39:48 | [32mINFO[0m | rag_pipeline | _retrieve_with_hybrid_strategy:242 | Starting retrieval for query: 'I cant have sex. What's the cause...'
2025-10-28 00:39:48 | [32mINFO[0m | rag_pipeline | _retrieve_with_hybrid_strategy:246 | Query preprocessed in 0.00s
2025-10-28 00:39:48 | [32mINFO[0m | rag_pipeline | _retrieve_with_hybrid_strategy:258 | About to call retriever.invoke() at 0.00s
2025-10-28 00:39:52 | [32mINFO[0m | rag_pipeline | _retrieve_with_hybrid_strategy:268 | Retriever returned 5 docs in 4.46s
2025-10-28 00:39:52 | [32mINFO[0m | rag_pipeline | _retrieve_with_hybrid_strategy:306 | Trying score-based filtering...
2025-10-28 00:39:53 | [32mINFO[0m | rag_pipeline | _retrieve_with_hybrid_strategy:350 | Final retrieval completed with 5 docs in 5.20s
2025-10-28 00:39:53 | [32mINFO[0m | rag_pipeline | _retrieve:393 | Retrieved 5 documents in 5.20s
2025-10-28 00:39:53 | [32mINFO[0m | rag_pipeline | _timed_llm_call:466 | Starting LLM generation for question: 'I cant have sex. What's the cause...'
2025-10-28 00:39:53 | [32mINFO[0m | rag_pipeline | _timed_llm_call:470 | Context formatted in 0.00s
2025-10-28 00:40:01 | [32mINFO[0m | rag_pipeline | _timed_llm_call:477 | LLM response generated in 7.84s
2025-10-28 00:40:01 | [32mINFO[0m | rag_pipeline | chat:308 | Chat completed for user 1 in domain 'therapy'
2025-10-28 00:40:01 | [32mINFO[0m | rag_pipeline | dispatch:36 | Request completed: POST /chat -> 200 (13562.14ms) [127.0.0.1]
2025-10-28 00:40:47 | [32mINFO[0m | rag_pipeline | dispatch:23 | Request started: POST /chat [127.0.0.1]
2025-10-28 00:40:47 | [32mINFO[0m | rag_pipeline | chat:293 | User ufawad0@gmail.com (ID: 1) asking question in domain 'therapy'
2025-10-28 00:40:47 | [32mINFO[0m | rag_pipeline | _retrieve:385 | Starting document retrieval for query: 'What is the Davidson Trauma Scale used for?...'
2025-10-28 00:40:47 | [32mINFO[0m | rag_pipeline | _retrieve_with_hybrid_strategy:242 | Starting retrieval for query: 'What is the Davidson Trauma Scale used for?...'
2025-10-28 00:40:47 | [32mINFO[0m | rag_pipeline | _retrieve_with_hybrid_strategy:246 | Query preprocessed in 0.00s
2025-10-28 00:40:47 | [32mINFO[0m | rag_pipeline | _retrieve_with_hybrid_strategy:258 | About to call retriever.invoke() at 0.00s
2025-10-28 00:41:02 | [32mINFO[0m | rag_pipeline | _retrieve_with_hybrid_strategy:268 | Retriever returned 5 docs in 14.80s
2025-10-28 00:41:02 | [32mINFO[0m | rag_pipeline | _retrieve_with_hybrid_strategy:306 | Trying score-based filtering...
2025-10-28 00:41:03 | [32mINFO[0m | rag_pipeline | _retrieve_with_hybrid_strategy:350 | Final retrieval completed with 5 docs in 15.54s
2025-10-28 00:41:03 | [32mINFO[0m | rag_pipeline | _retrieve:393 | Retrieved 5 documents in 15.54s
2025-10-28 00:41:03 | [32mINFO[0m | rag_pipeline | _timed_llm_call:466 | Starting LLM generation for question: 'What is the Davidson Trauma Scale used for?...'
2025-10-28 00:41:03 | [32mINFO[0m | rag_pipeline | _timed_llm_call:470 | Context formatted in 0.00s
2025-10-28 00:41:08 | [32mINFO[0m | rag_pipeline | _timed_llm_call:477 | LLM response generated in 4.92s
2025-10-28 00:41:08 | [32mINFO[0m | rag_pipeline | chat:308 | Chat completed for user 1 in domain 'therapy'
2025-10-28 00:41:08 | [32mINFO[0m | rag_pipeline | dispatch:36 | Request completed: POST /chat -> 200 (20485.69ms) [127.0.0.1]
2025-10-28 00:43:22 | [32mINFO[0m | rag_pipeline | dispatch:23 | Request started: POST /chat [127.0.0.1]
2025-10-28 00:43:22 | [32mINFO[0m | rag_pipeline | chat:293 | User ufawad0@gmail.com (ID: 1) asking question in domain 'therapy'
2025-10-28 00:43:22 | [32mINFO[0m | rag_pipeline | _retrieve:385 | Starting document retrieval for query: 'What are the two scoring methods used in the DTS?...'
2025-10-28 00:43:22 | [32mINFO[0m | rag_pipeline | _retrieve_with_hybrid_strategy:242 | Starting retrieval for query: 'What are the two scoring methods used in the DTS?...'
2025-10-28 00:43:22 | [32mINFO[0m | rag_pipeline | _retrieve_with_hybrid_strategy:246 | Query preprocessed in 0.00s
2025-10-28 00:43:22 | [32mINFO[0m | rag_pipeline | _retrieve_with_hybrid_strategy:258 | About to call retriever.invoke() at 0.00s
2025-10-28 00:43:27 | [32mINFO[0m | rag_pipeline | _retrieve_with_hybrid_strategy:268 | Retriever returned 5 docs in 5.43s
2025-10-28 00:43:27 | [32mINFO[0m | rag_pipeline | _retrieve_with_hybrid_strategy:306 | Trying score-based filtering...
2025-10-28 00:43:28 | [32mINFO[0m | rag_pipeline | _retrieve_with_hybrid_strategy:350 | Final retrieval completed with 5 docs in 6.22s
2025-10-28 00:43:28 | [32mINFO[0m | rag_pipeline | _retrieve:393 | Retrieved 5 documents in 6.22s
2025-10-28 00:43:28 | [32mINFO[0m | rag_pipeline | _timed_llm_call:466 | Starting LLM generation for question: 'What are the two scoring methods used in the DTS?...'
2025-10-28 00:43:28 | [32mINFO[0m | rag_pipeline | _timed_llm_call:470 | Context formatted in 0.00s
2025-10-28 00:43:31 | [32mINFO[0m | rag_pipeline | _timed_llm_call:477 | LLM response generated in 3.24s
2025-10-28 00:43:31 | [32mINFO[0m | rag_pipeline | chat:308 | Chat completed for user 1 in domain 'therapy'
2025-10-28 00:43:31 | [32mINFO[0m | rag_pipeline | dispatch:36 | Request completed: POST /chat -> 200 (9514.04ms) [127.0.0.1]
2025-10-28 00:45:03 | [32mINFO[0m | rag_pipeline | dispatch:23 | Request started: POST /chat [127.0.0.1]
2025-10-28 00:45:03 | [32mINFO[0m | rag_pipeline | chat:293 | User ufawad0@gmail.com (ID: 1) asking question in domain 'therapy'
2025-10-28 00:45:03 | [32mINFO[0m | rag_pipeline | _retrieve:385 | Starting document retrieval for query: 'What does the IES-R measure and how many items doe...'
2025-10-28 00:45:03 | [32mINFO[0m | rag_pipeline | _retrieve_with_hybrid_strategy:242 | Starting retrieval for query: 'What does the IES-R measure and how many items does it include?...'
2025-10-28 00:45:03 | [32mINFO[0m | rag_pipeline | _retrieve_with_hybrid_strategy:246 | Query preprocessed in 0.00s
2025-10-28 00:45:03 | [32mINFO[0m | rag_pipeline | _retrieve_with_hybrid_strategy:258 | About to call retriever.invoke() at 0.00s
2025-10-28 00:45:11 | [32mINFO[0m | rag_pipeline | _retrieve_with_hybrid_strategy:268 | Retriever returned 5 docs in 7.95s
2025-10-28 00:45:11 | [32mINFO[0m | rag_pipeline | _retrieve_with_hybrid_strategy:306 | Trying score-based filtering...
2025-10-28 00:45:13 | [32mINFO[0m | rag_pipeline | _retrieve_with_hybrid_strategy:350 | Final retrieval completed with 5 docs in 9.34s
2025-10-28 00:45:13 | [32mINFO[0m | rag_pipeline | _retrieve:393 | Retrieved 5 documents in 9.34s
2025-10-28 00:45:13 | [32mINFO[0m | rag_pipeline | _timed_llm_call:466 | Starting LLM generation for question: 'What does the IES-R measure and how many items doe...'
2025-10-28 00:45:13 | [32mINFO[0m | rag_pipeline | _timed_llm_call:470 | Context formatted in 0.00s
2025-10-28 00:45:17 | [32mINFO[0m | rag_pipeline | _timed_llm_call:477 | LLM response generated in 4.05s
2025-10-28 00:45:17 | [32mINFO[0m | rag_pipeline | chat:308 | Chat completed for user 1 in domain 'therapy'
2025-10-28 00:45:17 | [32mINFO[0m | rag_pipeline | dispatch:36 | Request completed: POST /chat -> 200 (13417.36ms) [127.0.0.1]
2025-10-28 12:49:35 | [32mINFO[0m | rag_pipeline | log_startup:251 | ================================================================================
2025-10-28 12:49:35 | [32mINFO[0m | rag_pipeline | log_startup:252 | RAG Pipeline Server Starting
2025-10-28 12:49:35 | [32mINFO[0m | rag_pipeline | log_startup:253 | Timestamp: 2025-10-28 12:49:35
2025-10-28 12:49:35 | [32mINFO[0m | rag_pipeline | log_startup:254 | Logs Directory: /Users/usman/Documents/Projects/rag-pipeline/logs
2025-10-28 12:49:35 | [32mINFO[0m | rag_pipeline | log_startup:255 | ================================================================================
2025-10-28 12:49:39 | [32mINFO[0m | rag_pipeline | dispatch:23 | Request started: GET /auth/get_user [127.0.0.1]
2025-10-28 12:49:40 | [32mINFO[0m | rag_pipeline | dispatch:36 | Request completed: GET /auth/get_user -> 200 (18.55ms) [127.0.0.1]
2025-10-28 12:57:14 | [32mINFO[0m | rag_pipeline | dispatch:23 | Request started: POST /auth/login [127.0.0.1]
2025-10-28 12:57:15 | [32mINFO[0m | rag_pipeline | authenticate_user:71 | User authenticated successfully: ufawad0@gmail.com (ID: 1)
2025-10-28 12:57:15 | [32mINFO[0m | rag_pipeline | create_tokens:94 | Tokens created for user: ufawad0@gmail.com (ID: 1)
2025-10-28 12:57:15 | [32mINFO[0m | rag_pipeline | dispatch:36 | Request completed: POST /auth/login -> 200 (234.73ms) [127.0.0.1]
2025-10-28 12:57:15 | [32mINFO[0m | rag_pipeline | dispatch:23 | Request started: GET /auth/get_user [127.0.0.1]
2025-10-28 12:57:15 | [32mINFO[0m | rag_pipeline | dispatch:36 | Request completed: GET /auth/get_user -> 200 (1.24ms) [127.0.0.1]
2025-10-28 12:57:15 | [32mINFO[0m | rag_pipeline | dispatch:23 | Request started: GET /chat/models [127.0.0.1]
2025-10-28 12:57:15 | [32mINFO[0m | rag_pipeline | dispatch:36 | Request completed: GET /chat/models -> 200 (1.90ms) [127.0.0.1]
2025-10-28 12:57:15 | [32mINFO[0m | rag_pipeline | dispatch:23 | Request started: GET /chat/models [127.0.0.1]
2025-10-28 12:57:15 | [32mINFO[0m | rag_pipeline | dispatch:36 | Request completed: GET /chat/models -> 200 (1.93ms) [127.0.0.1]
2025-10-28 12:57:20 | [32mINFO[0m | rag_pipeline | dispatch:23 | Request started: POST /auth/login [127.0.0.1]
2025-10-28 12:57:20 | [33mWARNING[0m | rag_pipeline | authenticate_user:61 | Failed login attempt for: ufawad0@gmail.com
2025-10-28 12:57:20 | [32mINFO[0m | rag_pipeline | dispatch:36 | Request completed: POST /auth/login -> 401 (213.10ms) [127.0.0.1]
2025-10-28 12:57:26 | [32mINFO[0m | rag_pipeline | dispatch:23 | Request started: POST /auth/login [127.0.0.1]
2025-10-28 12:57:27 | [33mWARNING[0m | rag_pipeline | authenticate_user:61 | Failed login attempt for: ufawad0@gmail.com
2025-10-28 12:57:27 | [32mINFO[0m | rag_pipeline | dispatch:36 | Request completed: POST /auth/login -> 401 (211.38ms) [127.0.0.1]
2025-10-28 12:57:31 | [32mINFO[0m | rag_pipeline | dispatch:23 | Request started: POST /auth/login [127.0.0.1]
2025-10-28 12:57:31 | [32mINFO[0m | rag_pipeline | authenticate_user:71 | User authenticated successfully: ufawad0@gmail.com (ID: 1)
2025-10-28 12:57:31 | [32mINFO[0m | rag_pipeline | create_tokens:94 | Tokens created for user: ufawad0@gmail.com (ID: 1)
2025-10-28 12:57:31 | [32mINFO[0m | rag_pipeline | dispatch:36 | Request completed: POST /auth/login -> 200 (211.23ms) [127.0.0.1]
2025-10-28 12:57:31 | [32mINFO[0m | rag_pipeline | dispatch:23 | Request started: GET /auth/get_user [127.0.0.1]
2025-10-28 12:57:31 | [32mINFO[0m | rag_pipeline | dispatch:36 | Request completed: GET /auth/get_user -> 200 (0.80ms) [127.0.0.1]
2025-10-28 12:57:31 | [32mINFO[0m | rag_pipeline | dispatch:23 | Request started: GET /chat/models [127.0.0.1]
2025-10-28 12:57:31 | [32mINFO[0m | rag_pipeline | dispatch:36 | Request completed: GET /chat/models -> 200 (1.00ms) [127.0.0.1]
2025-10-28 12:57:31 | [32mINFO[0m | rag_pipeline | dispatch:23 | Request started: GET /chat/models [127.0.0.1]
2025-10-28 12:57:31 | [32mINFO[0m | rag_pipeline | dispatch:36 | Request completed: GET /chat/models -> 200 (1.07ms) [127.0.0.1]
2025-10-28 12:58:20 | [32mINFO[0m | rag_pipeline | dispatch:23 | Request started: GET /chat/models [127.0.0.1]
2025-10-28 12:58:20 | [32mINFO[0m | rag_pipeline | dispatch:36 | Request completed: GET /chat/models -> 200 (1.20ms) [127.0.0.1]
2025-10-28 12:58:20 | [32mINFO[0m | rag_pipeline | dispatch:23 | Request started: GET /chat/models [127.0.0.1]
2025-10-28 12:58:20 | [32mINFO[0m | rag_pipeline | dispatch:36 | Request completed: GET /chat/models -> 200 (0.69ms) [127.0.0.1]
2025-10-28 13:01:46 | [32mINFO[0m | rag_pipeline | dispatch:23 | Request started: GET /chat/models [127.0.0.1]
2025-10-28 13:01:46 | [32mINFO[0m | rag_pipeline | dispatch:36 | Request completed: GET /chat/models -> 200 (6.71ms) [127.0.0.1]
2025-10-28 13:01:47 | [32mINFO[0m | rag_pipeline | dispatch:23 | Request started: GET /chat/models [127.0.0.1]
2025-10-28 13:01:47 | [32mINFO[0m | rag_pipeline | dispatch:36 | Request completed: GET /chat/models -> 200 (1.63ms) [127.0.0.1]
2025-10-28 13:03:20 | [32mINFO[0m | rag_pipeline | dispatch:23 | Request started: POST /chat [127.0.0.1]
2025-10-28 13:03:20 | [32mINFO[0m | rag_pipeline | dispatch:36 | Request completed: POST /chat -> 422 (11.24ms) [127.0.0.1]
2025-10-28 13:04:22 | [32mINFO[0m | rag_pipeline | dispatch:23 | Request started: GET /auth/get_user [127.0.0.1]
2025-10-28 13:04:22 | [32mINFO[0m | rag_pipeline | dispatch:36 | Request completed: GET /auth/get_user -> 200 (2.68ms) [127.0.0.1]
2025-10-28 13:04:22 | [32mINFO[0m | rag_pipeline | dispatch:23 | Request started: GET /chat/models [127.0.0.1]
2025-10-28 13:04:22 | [32mINFO[0m | rag_pipeline | dispatch:36 | Request completed: GET /chat/models -> 200 (1.07ms) [127.0.0.1]
2025-10-28 13:04:22 | [32mINFO[0m | rag_pipeline | dispatch:23 | Request started: GET /chat/models [127.0.0.1]
2025-10-28 13:04:22 | [32mINFO[0m | rag_pipeline | dispatch:36 | Request completed: GET /chat/models -> 200 (0.62ms) [127.0.0.1]
2025-10-28 13:04:39 | [32mINFO[0m | rag_pipeline | dispatch:23 | Request started: POST /chat [127.0.0.1]
2025-10-28 13:04:39 | [32mINFO[0m | rag_pipeline | chat:293 | User ufawad0@gmail.com (ID: 1) asking question in domain 'therapy'
2025-10-28 13:04:40 | [32mINFO[0m | rag_pipeline | _retrieve:385 | Starting document retrieval for query: 'I can't have sex. Why?...'
2025-10-28 13:04:40 | [32mINFO[0m | rag_pipeline | _retrieve_with_hybrid_strategy:242 | Starting retrieval for query: 'I can't have sex. Why?...'
2025-10-28 13:04:40 | [32mINFO[0m | rag_pipeline | _retrieve_with_hybrid_strategy:246 | Query preprocessed in 0.00s
2025-10-28 13:04:40 | [32mINFO[0m | rag_pipeline | _retrieve_with_hybrid_strategy:258 | About to call retriever.invoke() at 0.00s
2025-10-28 13:04:48 | [32mINFO[0m | rag_pipeline | _retrieve_with_hybrid_strategy:268 | Retriever returned 5 docs in 8.02s
2025-10-28 13:04:48 | [32mINFO[0m | rag_pipeline | _retrieve_with_hybrid_strategy:306 | Trying score-based filtering...
2025-10-28 13:04:49 | [32mINFO[0m | rag_pipeline | _retrieve_with_hybrid_strategy:350 | Final retrieval completed with 5 docs in 9.43s
2025-10-28 13:04:49 | [32mINFO[0m | rag_pipeline | _retrieve:393 | Retrieved 5 documents in 9.43s
2025-10-28 13:04:49 | [32mINFO[0m | rag_pipeline | _timed_llm_call:466 | Starting LLM generation for question: 'I can't have sex. Why?...'
2025-10-28 13:04:49 | [32mINFO[0m | rag_pipeline | _timed_llm_call:470 | Context formatted in 0.00s
2025-10-28 13:04:56 | [32mINFO[0m | rag_pipeline | _timed_llm_call:477 | LLM response generated in 6.76s
2025-10-28 13:04:56 | [32mINFO[0m | rag_pipeline | chat:308 | Chat completed for user 1 in domain 'therapy'
2025-10-28 13:04:56 | [32mINFO[0m | rag_pipeline | dispatch:36 | Request completed: POST /chat -> 200 (16875.47ms) [127.0.0.1]
2025-10-28 23:24:18 | [32mINFO[0m | rag_pipeline | log_startup:251 | ================================================================================
2025-10-28 23:24:18 | [32mINFO[0m | rag_pipeline | log_startup:252 | RAG Pipeline Server Starting
2025-10-28 23:24:18 | [32mINFO[0m | rag_pipeline | log_startup:253 | Timestamp: 2025-10-28 23:24:18
2025-10-28 23:24:18 | [32mINFO[0m | rag_pipeline | log_startup:254 | Logs Directory: /Users/usman/Documents/Projects/rag-pipeline/logs
2025-10-28 23:24:18 | [32mINFO[0m | rag_pipeline | log_startup:255 | ================================================================================
2025-10-28 23:24:42 | [32mINFO[0m | rag_pipeline | dispatch:23 | Request started: GET /auth/get_user [127.0.0.1]
2025-10-28 23:24:42 | [32mINFO[0m | rag_pipeline | dispatch:36 | Request completed: GET /auth/get_user -> 200 (21.86ms) [127.0.0.1]
2025-10-28 23:24:52 | [32mINFO[0m | rag_pipeline | dispatch:23 | Request started: POST /auth/login [127.0.0.1]
2025-10-28 23:24:53 | [32mINFO[0m | rag_pipeline | authenticate_user:71 | User authenticated successfully: ufawad0@gmail.com (ID: 1)
2025-10-28 23:24:53 | [32mINFO[0m | rag_pipeline | create_tokens:94 | Tokens created for user: ufawad0@gmail.com (ID: 1)
2025-10-28 23:24:53 | [32mINFO[0m | rag_pipeline | dispatch:36 | Request completed: POST /auth/login -> 200 (231.10ms) [127.0.0.1]
2025-10-28 23:24:53 | [32mINFO[0m | rag_pipeline | dispatch:23 | Request started: GET /auth/get_user [127.0.0.1]
2025-10-28 23:24:53 | [32mINFO[0m | rag_pipeline | dispatch:36 | Request completed: GET /auth/get_user -> 200 (0.87ms) [127.0.0.1]
2025-10-28 23:24:53 | [32mINFO[0m | rag_pipeline | dispatch:23 | Request started: GET /chat/models [127.0.0.1]
2025-10-28 23:24:53 | [32mINFO[0m | rag_pipeline | dispatch:36 | Request completed: GET /chat/models -> 200 (2.77ms) [127.0.0.1]
2025-10-28 23:24:53 | [32mINFO[0m | rag_pipeline | dispatch:23 | Request started: GET /chat/models [127.0.0.1]
2025-10-28 23:24:53 | [32mINFO[0m | rag_pipeline | dispatch:36 | Request completed: GET /chat/models -> 200 (1.67ms) [127.0.0.1]
2025-10-28 23:27:52 | [32mINFO[0m | rag_pipeline | dispatch:23 | Request started: GET /chat/models [127.0.0.1]
2025-10-28 23:27:52 | [32mINFO[0m | rag_pipeline | dispatch:36 | Request completed: GET /chat/models -> 200 (0.70ms) [127.0.0.1]
2025-10-28 23:27:52 | [32mINFO[0m | rag_pipeline | dispatch:23 | Request started: GET /chat/models [127.0.0.1]
2025-10-28 23:27:52 | [32mINFO[0m | rag_pipeline | dispatch:36 | Request completed: GET /chat/models -> 200 (0.53ms) [127.0.0.1]
2025-10-28 23:28:25 | [32mINFO[0m | rag_pipeline | dispatch:23 | Request started: POST /auth/login [127.0.0.1]
2025-10-28 23:28:25 | [33mWARNING[0m | rag_pipeline | authenticate_user:61 | Failed login attempt for: ufawad0@gmail.com
2025-10-28 23:28:25 | [32mINFO[0m | rag_pipeline | dispatch:36 | Request completed: POST /auth/login -> 401 (211.71ms) [127.0.0.1]
2025-10-28 23:28:29 | [32mINFO[0m | rag_pipeline | dispatch:23 | Request started: POST /auth/login [127.0.0.1]
2025-10-28 23:28:29 | [32mINFO[0m | rag_pipeline | authenticate_user:71 | User authenticated successfully: ufawad0@gmail.com (ID: 1)
2025-10-28 23:28:29 | [32mINFO[0m | rag_pipeline | create_tokens:94 | Tokens created for user: ufawad0@gmail.com (ID: 1)
2025-10-28 23:28:29 | [32mINFO[0m | rag_pipeline | dispatch:36 | Request completed: POST /auth/login -> 200 (211.13ms) [127.0.0.1]
2025-10-28 23:28:29 | [32mINFO[0m | rag_pipeline | dispatch:23 | Request started: GET /auth/get_user [127.0.0.1]
2025-10-28 23:28:29 | [32mINFO[0m | rag_pipeline | dispatch:36 | Request completed: GET /auth/get_user -> 200 (0.79ms) [127.0.0.1]
2025-10-28 23:28:29 | [32mINFO[0m | rag_pipeline | dispatch:23 | Request started: GET /chat/models [127.0.0.1]
2025-10-28 23:28:29 | [32mINFO[0m | rag_pipeline | dispatch:36 | Request completed: GET /chat/models -> 200 (1.13ms) [127.0.0.1]
2025-10-28 23:28:29 | [32mINFO[0m | rag_pipeline | dispatch:23 | Request started: GET /chat/models [127.0.0.1]
2025-10-28 23:28:29 | [32mINFO[0m | rag_pipeline | dispatch:36 | Request completed: GET /chat/models -> 200 (0.51ms) [127.0.0.1]
2025-10-28 23:30:40 | [32mINFO[0m | rag_pipeline | dispatch:23 | Request started: GET /chat/models [127.0.0.1]
2025-10-28 23:30:40 | [32mINFO[0m | rag_pipeline | dispatch:36 | Request completed: GET /chat/models -> 200 (1.10ms) [127.0.0.1]
2025-10-28 23:30:40 | [32mINFO[0m | rag_pipeline | dispatch:23 | Request started: GET /chat/models [127.0.0.1]
2025-10-28 23:30:40 | [32mINFO[0m | rag_pipeline | dispatch:36 | Request completed: GET /chat/models -> 200 (0.82ms) [127.0.0.1]
2025-10-28 23:31:20 | [32mINFO[0m | rag_pipeline | dispatch:23 | Request started: GET /chat/models [127.0.0.1]
2025-10-28 23:31:20 | [32mINFO[0m | rag_pipeline | dispatch:36 | Request completed: GET /chat/models -> 200 (1.30ms) [127.0.0.1]
2025-10-28 23:31:20 | [32mINFO[0m | rag_pipeline | dispatch:23 | Request started: GET /chat/models [127.0.0.1]
2025-10-28 23:31:20 | [32mINFO[0m | rag_pipeline | dispatch:36 | Request completed: GET /chat/models -> 200 (0.67ms) [127.0.0.1]
2025-10-28 23:31:54 | [32mINFO[0m | rag_pipeline | dispatch:23 | Request started: GET /chat/models [127.0.0.1]
2025-10-28 23:31:54 | [32mINFO[0m | rag_pipeline | dispatch:36 | Request completed: GET /chat/models -> 200 (1.60ms) [127.0.0.1]
2025-10-28 23:31:54 | [32mINFO[0m | rag_pipeline | dispatch:23 | Request started: GET /chat/models [127.0.0.1]
2025-10-28 23:31:54 | [32mINFO[0m | rag_pipeline | dispatch:36 | Request completed: GET /chat/models -> 200 (1.20ms) [127.0.0.1]
2025-10-28 23:32:44 | [32mINFO[0m | rag_pipeline | dispatch:23 | Request started: GET /auth/get_user [127.0.0.1]
2025-10-28 23:32:44 | [32mINFO[0m | rag_pipeline | dispatch:36 | Request completed: GET /auth/get_user -> 200 (3.04ms) [127.0.0.1]
2025-10-28 23:33:26 | [32mINFO[0m | rag_pipeline | dispatch:23 | Request started: GET /chat/models [127.0.0.1]
2025-10-28 23:33:26 | [32mINFO[0m | rag_pipeline | dispatch:36 | Request completed: GET /chat/models -> 200 (0.76ms) [127.0.0.1]
2025-10-28 23:33:26 | [32mINFO[0m | rag_pipeline | dispatch:23 | Request started: GET /chat/models [127.0.0.1]
2025-10-28 23:33:26 | [32mINFO[0m | rag_pipeline | dispatch:36 | Request completed: GET /chat/models -> 200 (0.69ms) [127.0.0.1]
2025-10-28 23:34:46 | [32mINFO[0m | rag_pipeline | dispatch:23 | Request started: GET /chat/models [127.0.0.1]
2025-10-28 23:34:46 | [32mINFO[0m | rag_pipeline | dispatch:36 | Request completed: GET /chat/models -> 200 (2.09ms) [127.0.0.1]
2025-10-28 23:34:46 | [32mINFO[0m | rag_pipeline | dispatch:23 | Request started: GET /chat/models [127.0.0.1]
2025-10-28 23:34:46 | [32mINFO[0m | rag_pipeline | dispatch:36 | Request completed: GET /chat/models -> 200 (0.64ms) [127.0.0.1]
2025-10-28 23:35:07 | [32mINFO[0m | rag_pipeline | dispatch:23 | Request started: GET /chat/models [127.0.0.1]
2025-10-28 23:35:07 | [32mINFO[0m | rag_pipeline | dispatch:36 | Request completed: GET /chat/models -> 200 (1.58ms) [127.0.0.1]
2025-10-28 23:35:07 | [32mINFO[0m | rag_pipeline | dispatch:23 | Request started: GET /chat/models [127.0.0.1]
2025-10-28 23:35:07 | [32mINFO[0m | rag_pipeline | dispatch:36 | Request completed: GET /chat/models -> 200 (0.59ms) [127.0.0.1]
2025-10-28 23:35:16 | [32mINFO[0m | rag_pipeline | dispatch:23 | Request started: POST /chat [127.0.0.1]
2025-10-28 23:35:16 | [32mINFO[0m | rag_pipeline | chat:293 | User ufawad0@gmail.com (ID: 1) asking question in domain 'therapy'
2025-10-28 23:35:18 | [32mINFO[0m | rag_pipeline | _retrieve:385 | Starting document retrieval for query: 'I cant have sex. what's the reason...'
2025-10-28 23:35:18 | [32mINFO[0m | rag_pipeline | _retrieve_with_hybrid_strategy:242 | Starting retrieval for query: 'I cant have sex. what's the reason...'
2025-10-28 23:35:18 | [32mINFO[0m | rag_pipeline | _retrieve_with_hybrid_strategy:246 | Query preprocessed in 0.00s
2025-10-28 23:35:18 | [32mINFO[0m | rag_pipeline | _retrieve_with_hybrid_strategy:258 | About to call retriever.invoke() at 0.00s
2025-10-28 23:35:29 | [32mINFO[0m | rag_pipeline | _retrieve_with_hybrid_strategy:268 | Retriever returned 5 docs in 10.98s
2025-10-28 23:35:29 | [32mINFO[0m | rag_pipeline | _retrieve_with_hybrid_strategy:306 | Trying score-based filtering...
2025-10-28 23:35:31 | [32mINFO[0m | rag_pipeline | _retrieve_with_hybrid_strategy:350 | Final retrieval completed with 5 docs in 12.76s
2025-10-28 23:35:31 | [32mINFO[0m | rag_pipeline | _retrieve:393 | Retrieved 5 documents in 12.76s
2025-10-28 23:35:31 | [32mINFO[0m | rag_pipeline | _timed_llm_call:466 | Starting LLM generation for question: 'I cant have sex. what's the reason...'
2025-10-28 23:35:31 | [32mINFO[0m | rag_pipeline | _timed_llm_call:470 | Context formatted in 0.00s
2025-10-28 23:35:39 | [32mINFO[0m | rag_pipeline | _timed_llm_call:477 | LLM response generated in 7.86s
2025-10-28 23:35:39 | [32mINFO[0m | rag_pipeline | chat:308 | Chat completed for user 1 in domain 'therapy'
2025-10-28 23:35:39 | [32mINFO[0m | rag_pipeline | dispatch:36 | Request completed: POST /chat -> 200 (23498.43ms) [127.0.0.1]
2025-10-28 23:51:07 | [32mINFO[0m | rag_pipeline | dispatch:23 | Request started: GET /chat/models [127.0.0.1]
2025-10-28 23:51:07 | [32mINFO[0m | rag_pipeline | dispatch:36 | Request completed: GET /chat/models -> 200 (1.29ms) [127.0.0.1]
2025-10-28 23:51:07 | [32mINFO[0m | rag_pipeline | dispatch:23 | Request started: GET /chat/models [127.0.0.1]
2025-10-28 23:51:07 | [32mINFO[0m | rag_pipeline | dispatch:36 | Request completed: GET /chat/models -> 200 (1.07ms) [127.0.0.1]
2025-10-29 00:04:18 | [32mINFO[0m | rag_pipeline | dispatch:23 | Request started: GET /auth/get_user [127.0.0.1]
2025-10-29 00:04:18 | [32mINFO[0m | rag_pipeline | dispatch:36 | Request completed: GET /auth/get_user -> 200 (2.41ms) [127.0.0.1]
2025-10-29 00:04:27 | [32mINFO[0m | rag_pipeline | dispatch:23 | Request started: GET /auth/get_user [127.0.0.1]
2025-10-29 00:04:27 | [32mINFO[0m | rag_pipeline | dispatch:36 | Request completed: GET /auth/get_user -> 200 (1.55ms) [127.0.0.1]
2025-10-29 00:06:31 | [32mINFO[0m | rag_pipeline | dispatch:23 | Request started: GET /auth/get_user [127.0.0.1]
2025-10-29 00:06:31 | [32mINFO[0m | rag_pipeline | dispatch:36 | Request completed: GET /auth/get_user -> 200 (2.53ms) [127.0.0.1]
2025-10-29 00:07:19 | [32mINFO[0m | rag_pipeline | dispatch:23 | Request started: GET /auth/get_user [127.0.0.1]
2025-10-29 00:07:19 | [32mINFO[0m | rag_pipeline | dispatch:36 | Request completed: GET /auth/get_user -> 200 (1.36ms) [127.0.0.1]
2025-10-29 00:07:20 | [32mINFO[0m | rag_pipeline | dispatch:23 | Request started: GET /auth/get_user [127.0.0.1]
2025-10-29 00:07:20 | [32mINFO[0m | rag_pipeline | dispatch:36 | Request completed: GET /auth/get_user -> 200 (2.06ms) [127.0.0.1]
2025-10-29 00:09:22 | [32mINFO[0m | rag_pipeline | dispatch:23 | Request started: GET /auth/get_user [127.0.0.1]
2025-10-29 00:09:22 | [32mINFO[0m | rag_pipeline | dispatch:36 | Request completed: GET /auth/get_user -> 200 (2.65ms) [127.0.0.1]
2025-10-29 00:09:52 | [32mINFO[0m | rag_pipeline | log_shutdown:260 | ================================================================================
2025-10-29 00:09:52 | [32mINFO[0m | rag_pipeline | log_shutdown:261 | RAG Pipeline Server Shutting Down
2025-10-29 00:09:52 | [32mINFO[0m | rag_pipeline | log_shutdown:262 | Timestamp: 2025-10-29 00:09:52
2025-10-29 00:09:52 | [32mINFO[0m | rag_pipeline | log_shutdown:263 | ================================================================================
2025-10-29 17:35:45 | [32mINFO[0m | rag_pipeline | log_startup:251 | ================================================================================
2025-10-29 17:35:45 | [32mINFO[0m | rag_pipeline | log_startup:252 | RAG Pipeline Server Starting
2025-10-29 17:35:45 | [32mINFO[0m | rag_pipeline | log_startup:253 | Timestamp: 2025-10-29 17:35:45
2025-10-29 17:35:45 | [32mINFO[0m | rag_pipeline | log_startup:254 | Logs Directory: /Users/usman/Documents/Projects/rag-pipeline/logs
2025-10-29 17:35:45 | [32mINFO[0m | rag_pipeline | log_startup:255 | ================================================================================
2025-10-29 17:35:53 | [32mINFO[0m | rag_pipeline | dispatch:23 | Request started: GET /auth/get_user [127.0.0.1]
2025-10-29 17:35:53 | [32mINFO[0m | rag_pipeline | dispatch:36 | Request completed: GET /auth/get_user -> 200 (24.14ms) [127.0.0.1]
2025-10-29 17:35:57 | [32mINFO[0m | rag_pipeline | dispatch:23 | Request started: POST /auth/login [127.0.0.1]
2025-10-29 17:35:58 | [33mWARNING[0m | rag_pipeline | authenticate_user:61 | Failed login attempt for: ufawad0@gmail.com
2025-10-29 17:35:58 | [32mINFO[0m | rag_pipeline | dispatch:36 | Request completed: POST /auth/login -> 401 (235.60ms) [127.0.0.1]
2025-10-29 17:36:01 | [32mINFO[0m | rag_pipeline | dispatch:23 | Request started: POST /auth/login [127.0.0.1]
2025-10-29 17:36:01 | [32mINFO[0m | rag_pipeline | authenticate_user:71 | User authenticated successfully: ufawad0@gmail.com (ID: 1)
2025-10-29 17:36:01 | [32mINFO[0m | rag_pipeline | create_tokens:94 | Tokens created for user: ufawad0@gmail.com (ID: 1)
2025-10-29 17:36:01 | [32mINFO[0m | rag_pipeline | dispatch:36 | Request completed: POST /auth/login -> 200 (210.25ms) [127.0.0.1]
2025-10-29 17:36:01 | [32mINFO[0m | rag_pipeline | dispatch:23 | Request started: GET /auth/get_user [127.0.0.1]
2025-10-29 17:36:01 | [32mINFO[0m | rag_pipeline | dispatch:36 | Request completed: GET /auth/get_user -> 200 (0.89ms) [127.0.0.1]
2025-10-29 17:36:01 | [32mINFO[0m | rag_pipeline | dispatch:23 | Request started: GET /chat/models [127.0.0.1]
2025-10-29 17:36:01 | [32mINFO[0m | rag_pipeline | dispatch:36 | Request completed: GET /chat/models -> 200 (1.64ms) [127.0.0.1]
2025-10-29 17:36:01 | [32mINFO[0m | rag_pipeline | dispatch:23 | Request started: GET /chat/models [127.0.0.1]
2025-10-29 17:36:01 | [32mINFO[0m | rag_pipeline | dispatch:36 | Request completed: GET /chat/models -> 200 (1.08ms) [127.0.0.1]
2025-10-29 17:43:10 | [32mINFO[0m | rag_pipeline | dispatch:23 | Request started: GET /chat/models [127.0.0.1]
2025-10-29 17:43:10 | [32mINFO[0m | rag_pipeline | dispatch:36 | Request completed: GET /chat/models -> 200 (1.06ms) [127.0.0.1]
2025-10-29 17:43:10 | [32mINFO[0m | rag_pipeline | dispatch:23 | Request started: GET /chat/models [127.0.0.1]
2025-10-29 17:43:10 | [32mINFO[0m | rag_pipeline | dispatch:36 | Request completed: GET /chat/models -> 200 (0.49ms) [127.0.0.1]
2025-10-29 17:45:23 | [32mINFO[0m | rag_pipeline | dispatch:23 | Request started: GET /chat/models [127.0.0.1]
2025-10-29 17:45:23 | [32mINFO[0m | rag_pipeline | dispatch:36 | Request completed: GET /chat/models -> 200 (1.75ms) [127.0.0.1]
2025-10-29 17:45:23 | [32mINFO[0m | rag_pipeline | dispatch:23 | Request started: GET /chat/models [127.0.0.1]
2025-10-29 17:45:23 | [32mINFO[0m | rag_pipeline | dispatch:36 | Request completed: GET /chat/models -> 200 (0.56ms) [127.0.0.1]
2025-10-29 17:45:50 | [32mINFO[0m | rag_pipeline | dispatch:23 | Request started: GET /chat/models [127.0.0.1]
2025-10-29 17:45:50 | [32mINFO[0m | rag_pipeline | dispatch:36 | Request completed: GET /chat/models -> 200 (0.61ms) [127.0.0.1]
2025-10-29 17:45:50 | [32mINFO[0m | rag_pipeline | dispatch:23 | Request started: GET /chat/models [127.0.0.1]
2025-10-29 17:45:50 | [32mINFO[0m | rag_pipeline | dispatch:36 | Request completed: GET /chat/models -> 200 (0.44ms) [127.0.0.1]
2025-10-29 17:46:31 | [32mINFO[0m | rag_pipeline | dispatch:23 | Request started: GET /chat/models [127.0.0.1]
2025-10-29 17:46:31 | [32mINFO[0m | rag_pipeline | dispatch:36 | Request completed: GET /chat/models -> 200 (0.82ms) [127.0.0.1]
2025-10-29 17:46:31 | [32mINFO[0m | rag_pipeline | dispatch:23 | Request started: GET /chat/models [127.0.0.1]
2025-10-29 17:46:31 | [32mINFO[0m | rag_pipeline | dispatch:36 | Request completed: GET /chat/models -> 200 (0.54ms) [127.0.0.1]
2025-10-29 17:46:34 | [32mINFO[0m | rag_pipeline | dispatch:23 | Request started: GET /chat/models [127.0.0.1]
2025-10-29 17:46:34 | [32mINFO[0m | rag_pipeline | dispatch:36 | Request completed: GET /chat/models -> 200 (0.85ms) [127.0.0.1]
2025-10-29 17:46:34 | [32mINFO[0m | rag_pipeline | dispatch:23 | Request started: GET /chat/models [127.0.0.1]
2025-10-29 17:46:34 | [32mINFO[0m | rag_pipeline | dispatch:36 | Request completed: GET /chat/models -> 200 (0.49ms) [127.0.0.1]
2025-10-29 17:46:35 | [32mINFO[0m | rag_pipeline | dispatch:23 | Request started: GET /chat/models [127.0.0.1]
2025-10-29 17:46:35 | [32mINFO[0m | rag_pipeline | dispatch:36 | Request completed: GET /chat/models -> 200 (0.92ms) [127.0.0.1]
2025-10-29 17:46:35 | [32mINFO[0m | rag_pipeline | dispatch:23 | Request started: GET /chat/models [127.0.0.1]
2025-10-29 17:46:35 | [32mINFO[0m | rag_pipeline | dispatch:36 | Request completed: GET /chat/models -> 200 (0.48ms) [127.0.0.1]
2025-10-29 17:48:43 | [32mINFO[0m | rag_pipeline | dispatch:23 | Request started: GET /auth/get_user [127.0.0.1]
2025-10-29 17:48:43 | [32mINFO[0m | rag_pipeline | dispatch:36 | Request completed: GET /auth/get_user -> 200 (2.43ms) [127.0.0.1]
2025-10-29 17:48:43 | [32mINFO[0m | rag_pipeline | dispatch:23 | Request started: GET /chat/models [127.0.0.1]
2025-10-29 17:48:43 | [32mINFO[0m | rag_pipeline | dispatch:36 | Request completed: GET /chat/models -> 200 (1.19ms) [127.0.0.1]
2025-10-29 17:48:43 | [32mINFO[0m | rag_pipeline | dispatch:23 | Request started: GET /chat/models [127.0.0.1]
2025-10-29 17:48:43 | [32mINFO[0m | rag_pipeline | dispatch:36 | Request completed: GET /chat/models -> 200 (0.47ms) [127.0.0.1]
2025-10-29 17:49:10 | [32mINFO[0m | rag_pipeline | dispatch:23 | Request started: GET /chat/models [127.0.0.1]
2025-10-29 17:49:10 | [32mINFO[0m | rag_pipeline | dispatch:36 | Request completed: GET /chat/models -> 200 (1.34ms) [127.0.0.1]
2025-10-29 17:49:10 | [32mINFO[0m | rag_pipeline | dispatch:23 | Request started: GET /chat/models [127.0.0.1]
2025-10-29 17:49:10 | [32mINFO[0m | rag_pipeline | dispatch:36 | Request completed: GET /chat/models -> 200 (0.61ms) [127.0.0.1]
2025-10-29 17:50:10 | [32mINFO[0m | rag_pipeline | dispatch:23 | Request started: GET /chat/models [127.0.0.1]
2025-10-29 17:50:10 | [32mINFO[0m | rag_pipeline | dispatch:36 | Request completed: GET /chat/models -> 200 (1.51ms) [127.0.0.1]
2025-10-29 17:50:10 | [32mINFO[0m | rag_pipeline | dispatch:23 | Request started: GET /chat/models [127.0.0.1]
2025-10-29 17:50:10 | [32mINFO[0m | rag_pipeline | dispatch:36 | Request completed: GET /chat/models -> 200 (0.55ms) [127.0.0.1]
2025-10-29 17:50:50 | [32mINFO[0m | rag_pipeline | dispatch:23 | Request started: GET /chat/models [127.0.0.1]
2025-10-29 17:50:50 | [32mINFO[0m | rag_pipeline | dispatch:36 | Request completed: GET /chat/models -> 200 (1.10ms) [127.0.0.1]
2025-10-29 17:50:50 | [32mINFO[0m | rag_pipeline | dispatch:23 | Request started: GET /chat/models [127.0.0.1]
2025-10-29 17:50:50 | [32mINFO[0m | rag_pipeline | dispatch:36 | Request completed: GET /chat/models -> 200 (0.56ms) [127.0.0.1]
2025-10-29 17:50:51 | [32mINFO[0m | rag_pipeline | dispatch:23 | Request started: GET /auth/get_user [127.0.0.1]
2025-10-29 17:50:51 | [32mINFO[0m | rag_pipeline | dispatch:36 | Request completed: GET /auth/get_user -> 200 (3.24ms) [127.0.0.1]
2025-10-29 17:50:53 | [32mINFO[0m | rag_pipeline | dispatch:23 | Request started: GET /auth/get_user [127.0.0.1]
2025-10-29 17:50:53 | [32mINFO[0m | rag_pipeline | dispatch:36 | Request completed: GET /auth/get_user -> 200 (2.16ms) [127.0.0.1]
2025-10-29 17:50:53 | [32mINFO[0m | rag_pipeline | dispatch:23 | Request started: GET /chat/models [127.0.0.1]
2025-10-29 17:50:53 | [32mINFO[0m | rag_pipeline | dispatch:36 | Request completed: GET /chat/models -> 200 (0.73ms) [127.0.0.1]
2025-10-29 17:50:53 | [32mINFO[0m | rag_pipeline | dispatch:23 | Request started: GET /chat/models [127.0.0.1]
2025-10-29 17:50:53 | [32mINFO[0m | rag_pipeline | dispatch:36 | Request completed: GET /chat/models -> 200 (0.58ms) [127.0.0.1]
2025-10-29 17:51:25 | [32mINFO[0m | rag_pipeline | dispatch:23 | Request started: GET /chat/models [127.0.0.1]
2025-10-29 17:51:25 | [32mINFO[0m | rag_pipeline | dispatch:36 | Request completed: GET /chat/models -> 200 (0.57ms) [127.0.0.1]
2025-10-29 17:51:25 | [32mINFO[0m | rag_pipeline | dispatch:23 | Request started: GET /chat/models [127.0.0.1]
2025-10-29 17:51:25 | [32mINFO[0m | rag_pipeline | dispatch:36 | Request completed: GET /chat/models -> 200 (0.45ms) [127.0.0.1]
2025-10-29 17:51:33 | [32mINFO[0m | rag_pipeline | dispatch:23 | Request started: GET /chat/models [127.0.0.1]
2025-10-29 17:51:33 | [32mINFO[0m | rag_pipeline | dispatch:36 | Request completed: GET /chat/models -> 200 (1.16ms) [127.0.0.1]
2025-10-29 17:51:33 | [32mINFO[0m | rag_pipeline | dispatch:23 | Request started: GET /chat/models [127.0.0.1]
2025-10-29 17:51:33 | [32mINFO[0m | rag_pipeline | dispatch:36 | Request completed: GET /chat/models -> 200 (1.79ms) [127.0.0.1]
2025-10-29 17:51:45 | [32mINFO[0m | rag_pipeline | dispatch:23 | Request started: GET /chat/models [127.0.0.1]
2025-10-29 17:51:45 | [32mINFO[0m | rag_pipeline | dispatch:36 | Request completed: GET /chat/models -> 200 (0.96ms) [127.0.0.1]
2025-10-29 17:51:45 | [32mINFO[0m | rag_pipeline | dispatch:23 | Request started: GET /chat/models [127.0.0.1]
2025-10-29 17:51:45 | [32mINFO[0m | rag_pipeline | dispatch:36 | Request completed: GET /chat/models -> 200 (0.41ms) [127.0.0.1]
2025-10-29 17:53:25 | [32mINFO[0m | rag_pipeline | dispatch:23 | Request started: GET /chat/models [127.0.0.1]
2025-10-29 17:53:25 | [32mINFO[0m | rag_pipeline | dispatch:36 | Request completed: GET /chat/models -> 200 (0.57ms) [127.0.0.1]
2025-10-29 17:53:25 | [32mINFO[0m | rag_pipeline | dispatch:23 | Request started: GET /chat/models [127.0.0.1]
2025-10-29 17:53:25 | [32mINFO[0m | rag_pipeline | dispatch:36 | Request completed: GET /chat/models -> 200 (0.54ms) [127.0.0.1]
2025-10-29 17:53:47 | [32mINFO[0m | rag_pipeline | dispatch:23 | Request started: GET /chat/models [127.0.0.1]
2025-10-29 17:53:47 | [32mINFO[0m | rag_pipeline | dispatch:36 | Request completed: GET /chat/models -> 200 (1.08ms) [127.0.0.1]
2025-10-29 17:53:47 | [32mINFO[0m | rag_pipeline | dispatch:23 | Request started: GET /chat/models [127.0.0.1]
2025-10-29 17:53:47 | [32mINFO[0m | rag_pipeline | dispatch:36 | Request completed: GET /chat/models -> 200 (1.77ms) [127.0.0.1]
2025-10-29 17:54:02 | [32mINFO[0m | rag_pipeline | dispatch:23 | Request started: GET /chat/models [127.0.0.1]
2025-10-29 17:54:02 | [32mINFO[0m | rag_pipeline | dispatch:36 | Request completed: GET /chat/models -> 200 (1.57ms) [127.0.0.1]
2025-10-29 17:54:02 | [32mINFO[0m | rag_pipeline | dispatch:23 | Request started: GET /chat/models [127.0.0.1]
2025-10-29 17:54:02 | [32mINFO[0m | rag_pipeline | dispatch:36 | Request completed: GET /chat/models -> 200 (1.28ms) [127.0.0.1]
2025-10-29 17:54:09 | [32mINFO[0m | rag_pipeline | dispatch:23 | Request started: GET /chat/models [127.0.0.1]
2025-10-29 17:54:09 | [32mINFO[0m | rag_pipeline | dispatch:36 | Request completed: GET /chat/models -> 200 (0.74ms) [127.0.0.1]
2025-10-29 17:54:09 | [32mINFO[0m | rag_pipeline | dispatch:23 | Request started: GET /chat/models [127.0.0.1]
2025-10-29 17:54:09 | [32mINFO[0m | rag_pipeline | dispatch:36 | Request completed: GET /chat/models -> 200 (0.51ms) [127.0.0.1]
2025-10-29 17:54:10 | [32mINFO[0m | rag_pipeline | dispatch:23 | Request started: GET /chat/models [127.0.0.1]
2025-10-29 17:54:10 | [32mINFO[0m | rag_pipeline | dispatch:36 | Request completed: GET /chat/models -> 200 (1.02ms) [127.0.0.1]
2025-10-29 17:54:10 | [32mINFO[0m | rag_pipeline | dispatch:23 | Request started: GET /chat/models [127.0.0.1]
2025-10-29 17:54:10 | [32mINFO[0m | rag_pipeline | dispatch:36 | Request completed: GET /chat/models -> 200 (0.64ms) [127.0.0.1]
2025-10-29 17:54:28 | [32mINFO[0m | rag_pipeline | dispatch:23 | Request started: GET /chat/models [127.0.0.1]
2025-10-29 17:54:28 | [32mINFO[0m | rag_pipeline | dispatch:36 | Request completed: GET /chat/models -> 200 (1.40ms) [127.0.0.1]
2025-10-29 17:54:28 | [32mINFO[0m | rag_pipeline | dispatch:23 | Request started: GET /chat/models [127.0.0.1]
2025-10-29 17:54:28 | [32mINFO[0m | rag_pipeline | dispatch:36 | Request completed: GET /chat/models -> 200 (0.55ms) [127.0.0.1]
2025-10-29 17:55:22 | [32mINFO[0m | rag_pipeline | dispatch:23 | Request started: GET /chat/models [127.0.0.1]
2025-10-29 17:55:22 | [32mINFO[0m | rag_pipeline | dispatch:36 | Request completed: GET /chat/models -> 200 (1.34ms) [127.0.0.1]
2025-10-29 17:55:22 | [32mINFO[0m | rag_pipeline | dispatch:23 | Request started: GET /chat/models [127.0.0.1]
2025-10-29 17:55:22 | [32mINFO[0m | rag_pipeline | dispatch:36 | Request completed: GET /chat/models -> 200 (0.60ms) [127.0.0.1]
2025-10-29 17:57:47 | [32mINFO[0m | rag_pipeline | dispatch:23 | Request started: GET /chat/models [127.0.0.1]
2025-10-29 17:57:47 | [32mINFO[0m | rag_pipeline | dispatch:36 | Request completed: GET /chat/models -> 200 (2.03ms) [127.0.0.1]
2025-10-29 17:57:47 | [32mINFO[0m | rag_pipeline | dispatch:23 | Request started: GET /chat/models [127.0.0.1]
2025-10-29 17:57:47 | [32mINFO[0m | rag_pipeline | dispatch:36 | Request completed: GET /chat/models -> 200 (0.67ms) [127.0.0.1]
2025-10-29 17:57:52 | [32mINFO[0m | rag_pipeline | dispatch:23 | Request started: GET /chat/models [127.0.0.1]
2025-10-29 17:57:52 | [32mINFO[0m | rag_pipeline | dispatch:36 | Request completed: GET /chat/models -> 200 (0.86ms) [127.0.0.1]
2025-10-29 17:57:52 | [32mINFO[0m | rag_pipeline | dispatch:23 | Request started: GET /chat/models [127.0.0.1]
2025-10-29 17:57:52 | [32mINFO[0m | rag_pipeline | dispatch:36 | Request completed: GET /chat/models -> 200 (0.57ms) [127.0.0.1]
2025-10-29 17:57:57 | [32mINFO[0m | rag_pipeline | dispatch:23 | Request started: GET /chat/models [127.0.0.1]
2025-10-29 17:57:57 | [32mINFO[0m | rag_pipeline | dispatch:36 | Request completed: GET /chat/models -> 200 (0.94ms) [127.0.0.1]
2025-10-29 17:57:57 | [32mINFO[0m | rag_pipeline | dispatch:23 | Request started: GET /chat/models [127.0.0.1]
2025-10-29 17:57:57 | [32mINFO[0m | rag_pipeline | dispatch:36 | Request completed: GET /chat/models -> 200 (0.62ms) [127.0.0.1]
2025-10-29 17:58:53 | [32mINFO[0m | rag_pipeline | dispatch:23 | Request started: GET /chat/models [127.0.0.1]
2025-10-29 17:58:53 | [32mINFO[0m | rag_pipeline | dispatch:36 | Request completed: GET /chat/models -> 200 (1.46ms) [127.0.0.1]
2025-10-29 17:58:53 | [32mINFO[0m | rag_pipeline | dispatch:23 | Request started: GET /chat/models [127.0.0.1]
2025-10-29 17:58:53 | [32mINFO[0m | rag_pipeline | dispatch:36 | Request completed: GET /chat/models -> 200 (1.00ms) [127.0.0.1]
2025-10-29 17:59:15 | [32mINFO[0m | rag_pipeline | dispatch:23 | Request started: GET /chat/models [127.0.0.1]
2025-10-29 17:59:15 | [32mINFO[0m | rag_pipeline | dispatch:36 | Request completed: GET /chat/models -> 200 (0.89ms) [127.0.0.1]
2025-10-29 17:59:15 | [32mINFO[0m | rag_pipeline | dispatch:23 | Request started: GET /chat/models [127.0.0.1]
2025-10-29 17:59:15 | [32mINFO[0m | rag_pipeline | dispatch:36 | Request completed: GET /chat/models -> 200 (0.49ms) [127.0.0.1]
2025-10-29 17:59:48 | [32mINFO[0m | rag_pipeline | dispatch:23 | Request started: GET /chat/models [127.0.0.1]
2025-10-29 17:59:48 | [32mINFO[0m | rag_pipeline | dispatch:36 | Request completed: GET /chat/models -> 200 (1.32ms) [127.0.0.1]
2025-10-29 17:59:48 | [32mINFO[0m | rag_pipeline | dispatch:23 | Request started: GET /chat/models [127.0.0.1]
2025-10-29 17:59:48 | [32mINFO[0m | rag_pipeline | dispatch:36 | Request completed: GET /chat/models -> 200 (0.47ms) [127.0.0.1]
2025-10-29 17:59:53 | [32mINFO[0m | rag_pipeline | dispatch:23 | Request started: GET /chat/models [127.0.0.1]
2025-10-29 17:59:53 | [32mINFO[0m | rag_pipeline | dispatch:36 | Request completed: GET /chat/models -> 200 (1.41ms) [127.0.0.1]
2025-10-29 17:59:53 | [32mINFO[0m | rag_pipeline | dispatch:23 | Request started: GET /chat/models [127.0.0.1]
2025-10-29 17:59:53 | [32mINFO[0m | rag_pipeline | dispatch:36 | Request completed: GET /chat/models -> 200 (1.14ms) [127.0.0.1]
2025-10-29 18:00:02 | [32mINFO[0m | rag_pipeline | dispatch:23 | Request started: GET /auth/get_user [127.0.0.1]
2025-10-29 18:00:02 | [32mINFO[0m | rag_pipeline | dispatch:36 | Request completed: GET /auth/get_user -> 200 (2.72ms) [127.0.0.1]
2025-10-29 18:00:04 | [32mINFO[0m | rag_pipeline | dispatch:23 | Request started: GET /auth/get_user [127.0.0.1]
2025-10-29 18:00:04 | [32mINFO[0m | rag_pipeline | dispatch:36 | Request completed: GET /auth/get_user -> 200 (2.98ms) [127.0.0.1]
2025-10-29 18:00:04 | [32mINFO[0m | rag_pipeline | dispatch:23 | Request started: GET /chat/models [127.0.0.1]
2025-10-29 18:00:04 | [32mINFO[0m | rag_pipeline | dispatch:36 | Request completed: GET /chat/models -> 200 (0.97ms) [127.0.0.1]
2025-10-29 18:00:04 | [32mINFO[0m | rag_pipeline | dispatch:23 | Request started: GET /chat/models [127.0.0.1]
2025-10-29 18:00:04 | [32mINFO[0m | rag_pipeline | dispatch:36 | Request completed: GET /chat/models -> 200 (1.27ms) [127.0.0.1]
2025-10-29 18:00:06 | [32mINFO[0m | rag_pipeline | dispatch:23 | Request started: GET /auth/get_user [127.0.0.1]
2025-10-29 18:00:06 | [32mINFO[0m | rag_pipeline | dispatch:36 | Request completed: GET /auth/get_user -> 200 (2.74ms) [127.0.0.1]
2025-10-29 18:00:08 | [32mINFO[0m | rag_pipeline | dispatch:23 | Request started: GET /chat/models [127.0.0.1]
2025-10-29 18:00:08 | [32mINFO[0m | rag_pipeline | dispatch:36 | Request completed: GET /chat/models -> 200 (0.86ms) [127.0.0.1]
2025-10-29 18:00:08 | [32mINFO[0m | rag_pipeline | dispatch:23 | Request started: GET /chat/models [127.0.0.1]
2025-10-29 18:00:08 | [32mINFO[0m | rag_pipeline | dispatch:36 | Request completed: GET /chat/models -> 200 (0.54ms) [127.0.0.1]
2025-10-29 18:01:12 | [32mINFO[0m | rag_pipeline | dispatch:23 | Request started: GET /chat/models [127.0.0.1]
2025-10-29 18:01:12 | [32mINFO[0m | rag_pipeline | dispatch:36 | Request completed: GET /chat/models -> 200 (1.77ms) [127.0.0.1]
2025-10-29 18:01:12 | [32mINFO[0m | rag_pipeline | dispatch:23 | Request started: GET /chat/models [127.0.0.1]
2025-10-29 18:01:12 | [32mINFO[0m | rag_pipeline | dispatch:36 | Request completed: GET /chat/models -> 200 (0.50ms) [127.0.0.1]
2025-10-29 18:01:22 | [32mINFO[0m | rag_pipeline | dispatch:23 | Request started: GET /chat/models [127.0.0.1]
2025-10-29 18:01:22 | [32mINFO[0m | rag_pipeline | dispatch:36 | Request completed: GET /chat/models -> 200 (0.99ms) [127.0.0.1]
2025-10-29 18:01:22 | [32mINFO[0m | rag_pipeline | dispatch:23 | Request started: GET /chat/models [127.0.0.1]
2025-10-29 18:01:22 | [32mINFO[0m | rag_pipeline | dispatch:36 | Request completed: GET /chat/models -> 200 (0.56ms) [127.0.0.1]
2025-10-29 18:01:29 | [32mINFO[0m | rag_pipeline | dispatch:23 | Request started: GET /chat/models [127.0.0.1]
2025-10-29 18:01:29 | [32mINFO[0m | rag_pipeline | dispatch:36 | Request completed: GET /chat/models -> 200 (1.24ms) [127.0.0.1]
2025-10-29 18:01:29 | [32mINFO[0m | rag_pipeline | dispatch:23 | Request started: GET /chat/models [127.0.0.1]
2025-10-29 18:01:29 | [32mINFO[0m | rag_pipeline | dispatch:36 | Request completed: GET /chat/models -> 200 (0.65ms) [127.0.0.1]
2025-10-29 18:01:41 | [32mINFO[0m | rag_pipeline | dispatch:23 | Request started: GET /chat/models [127.0.0.1]
2025-10-29 18:01:41 | [32mINFO[0m | rag_pipeline | dispatch:36 | Request completed: GET /chat/models -> 200 (1.72ms) [127.0.0.1]
2025-10-29 18:01:41 | [32mINFO[0m | rag_pipeline | dispatch:23 | Request started: GET /chat/models [127.0.0.1]
2025-10-29 18:01:41 | [32mINFO[0m | rag_pipeline | dispatch:36 | Request completed: GET /chat/models -> 200 (1.63ms) [127.0.0.1]
2025-10-29 18:02:37 | [32mINFO[0m | rag_pipeline | dispatch:23 | Request started: GET /chat/models [127.0.0.1]
2025-10-29 18:02:37 | [32mINFO[0m | rag_pipeline | dispatch:36 | Request completed: GET /chat/models -> 200 (1.01ms) [127.0.0.1]
2025-10-29 18:02:37 | [32mINFO[0m | rag_pipeline | dispatch:23 | Request started: GET /chat/models [127.0.0.1]
2025-10-29 18:02:37 | [32mINFO[0m | rag_pipeline | dispatch:36 | Request completed: GET /chat/models -> 200 (0.52ms) [127.0.0.1]
2025-10-29 18:03:38 | [32mINFO[0m | rag_pipeline | dispatch:23 | Request started: GET /chat/models [127.0.0.1]
2025-10-29 18:03:38 | [32mINFO[0m | rag_pipeline | dispatch:36 | Request completed: GET /chat/models -> 200 (1.24ms) [127.0.0.1]
2025-10-29 18:03:38 | [32mINFO[0m | rag_pipeline | dispatch:23 | Request started: GET /chat/models [127.0.0.1]
2025-10-29 18:03:38 | [32mINFO[0m | rag_pipeline | dispatch:36 | Request completed: GET /chat/models -> 200 (0.66ms) [127.0.0.1]
2025-10-29 18:05:03 | [32mINFO[0m | rag_pipeline | dispatch:23 | Request started: GET /chat/models [127.0.0.1]
2025-10-29 18:05:03 | [32mINFO[0m | rag_pipeline | dispatch:36 | Request completed: GET /chat/models -> 200 (1.21ms) [127.0.0.1]
2025-10-29 18:05:03 | [32mINFO[0m | rag_pipeline | dispatch:23 | Request started: GET /chat/models [127.0.0.1]
2025-10-29 18:05:03 | [32mINFO[0m | rag_pipeline | dispatch:36 | Request completed: GET /chat/models -> 200 (0.95ms) [127.0.0.1]
2025-10-29 18:05:08 | [32mINFO[0m | rag_pipeline | dispatch:23 | Request started: GET /chat/models [127.0.0.1]
2025-10-29 18:05:08 | [32mINFO[0m | rag_pipeline | dispatch:36 | Request completed: GET /chat/models -> 200 (1.69ms) [127.0.0.1]
2025-10-29 18:05:08 | [32mINFO[0m | rag_pipeline | dispatch:23 | Request started: GET /chat/models [127.0.0.1]
2025-10-29 18:05:08 | [32mINFO[0m | rag_pipeline | dispatch:36 | Request completed: GET /chat/models -> 200 (1.46ms) [127.0.0.1]
2025-10-29 18:09:14 | [32mINFO[0m | rag_pipeline | dispatch:23 | Request started: GET /chat/models [127.0.0.1]
2025-10-29 18:09:14 | [32mINFO[0m | rag_pipeline | dispatch:36 | Request completed: GET /chat/models -> 200 (1.04ms) [127.0.0.1]
2025-10-29 18:09:14 | [32mINFO[0m | rag_pipeline | dispatch:23 | Request started: GET /chat/models [127.0.0.1]
2025-10-29 18:09:14 | [32mINFO[0m | rag_pipeline | dispatch:36 | Request completed: GET /chat/models -> 200 (0.48ms) [127.0.0.1]
2025-10-29 18:09:18 | [32mINFO[0m | rag_pipeline | dispatch:23 | Request started: GET /chat/models [127.0.0.1]
2025-10-29 18:09:18 | [32mINFO[0m | rag_pipeline | dispatch:36 | Request completed: GET /chat/models -> 200 (0.81ms) [127.0.0.1]
2025-10-29 18:09:18 | [32mINFO[0m | rag_pipeline | dispatch:23 | Request started: GET /chat/models [127.0.0.1]
2025-10-29 18:09:18 | [32mINFO[0m | rag_pipeline | dispatch:36 | Request completed: GET /chat/models -> 200 (0.54ms) [127.0.0.1]
2025-10-29 18:09:54 | [32mINFO[0m | rag_pipeline | dispatch:23 | Request started: GET /chat/models [127.0.0.1]
2025-10-29 18:09:54 | [32mINFO[0m | rag_pipeline | dispatch:36 | Request completed: GET /chat/models -> 200 (1.97ms) [127.0.0.1]
2025-10-29 18:09:54 | [32mINFO[0m | rag_pipeline | dispatch:23 | Request started: GET /chat/models [127.0.0.1]
2025-10-29 18:09:54 | [32mINFO[0m | rag_pipeline | dispatch:36 | Request completed: GET /chat/models -> 200 (0.85ms) [127.0.0.1]
2025-10-29 18:10:28 | [32mINFO[0m | rag_pipeline | dispatch:23 | Request started: GET /chat/models [127.0.0.1]
2025-10-29 18:10:28 | [32mINFO[0m | rag_pipeline | dispatch:36 | Request completed: GET /chat/models -> 200 (0.96ms) [127.0.0.1]
2025-10-29 18:10:28 | [32mINFO[0m | rag_pipeline | dispatch:23 | Request started: GET /chat/models [127.0.0.1]
2025-10-29 18:10:28 | [32mINFO[0m | rag_pipeline | dispatch:36 | Request completed: GET /chat/models -> 200 (0.52ms) [127.0.0.1]
2025-10-29 18:10:31 | [32mINFO[0m | rag_pipeline | dispatch:23 | Request started: GET /chat/models [127.0.0.1]
2025-10-29 18:10:31 | [32mINFO[0m | rag_pipeline | dispatch:36 | Request completed: GET /chat/models -> 200 (1.77ms) [127.0.0.1]
2025-10-29 18:10:31 | [32mINFO[0m | rag_pipeline | dispatch:23 | Request started: GET /chat/models [127.0.0.1]
2025-10-29 18:10:31 | [32mINFO[0m | rag_pipeline | dispatch:36 | Request completed: GET /chat/models -> 200 (0.67ms) [127.0.0.1]
2025-10-29 18:10:38 | [32mINFO[0m | rag_pipeline | dispatch:23 | Request started: GET /auth/get_user [127.0.0.1]
2025-10-29 18:10:38 | [32mINFO[0m | rag_pipeline | dispatch:36 | Request completed: GET /auth/get_user -> 200 (7.90ms) [127.0.0.1]
2025-10-29 18:10:39 | [32mINFO[0m | rag_pipeline | dispatch:23 | Request started: GET /auth/get_user [127.0.0.1]
2025-10-29 18:10:39 | [32mINFO[0m | rag_pipeline | dispatch:36 | Request completed: GET /auth/get_user -> 200 (1.97ms) [127.0.0.1]
2025-10-29 18:10:39 | [32mINFO[0m | rag_pipeline | dispatch:23 | Request started: GET /chat/models [127.0.0.1]
2025-10-29 18:10:39 | [32mINFO[0m | rag_pipeline | dispatch:36 | Request completed: GET /chat/models -> 200 (0.76ms) [127.0.0.1]
2025-10-29 18:10:39 | [32mINFO[0m | rag_pipeline | dispatch:23 | Request started: GET /chat/models [127.0.0.1]
2025-10-29 18:10:39 | [32mINFO[0m | rag_pipeline | dispatch:36 | Request completed: GET /chat/models -> 200 (0.47ms) [127.0.0.1]
2025-10-29 18:10:43 | [32mINFO[0m | rag_pipeline | dispatch:23 | Request started: GET /chat/models [127.0.0.1]
2025-10-29 18:10:43 | [32mINFO[0m | rag_pipeline | dispatch:36 | Request completed: GET /chat/models -> 200 (0.89ms) [127.0.0.1]
2025-10-29 18:10:43 | [32mINFO[0m | rag_pipeline | dispatch:23 | Request started: GET /chat/models [127.0.0.1]
2025-10-29 18:10:43 | [32mINFO[0m | rag_pipeline | dispatch:36 | Request completed: GET /chat/models -> 200 (0.47ms) [127.0.0.1]
2025-10-29 18:10:45 | [32mINFO[0m | rag_pipeline | dispatch:23 | Request started: GET /auth/get_user [127.0.0.1]
2025-10-29 18:10:45 | [32mINFO[0m | rag_pipeline | dispatch:36 | Request completed: GET /auth/get_user -> 200 (3.11ms) [127.0.0.1]
2025-10-29 18:10:46 | [32mINFO[0m | rag_pipeline | dispatch:23 | Request started: GET /auth/get_user [127.0.0.1]
2025-10-29 18:10:46 | [32mINFO[0m | rag_pipeline | dispatch:36 | Request completed: GET /auth/get_user -> 200 (2.06ms) [127.0.0.1]
2025-10-29 18:10:46 | [32mINFO[0m | rag_pipeline | dispatch:23 | Request started: GET /chat/models [127.0.0.1]
2025-10-29 18:10:46 | [32mINFO[0m | rag_pipeline | dispatch:36 | Request completed: GET /chat/models -> 200 (0.75ms) [127.0.0.1]
2025-10-29 18:10:46 | [32mINFO[0m | rag_pipeline | dispatch:23 | Request started: GET /chat/models [127.0.0.1]
2025-10-29 18:10:46 | [32mINFO[0m | rag_pipeline | dispatch:36 | Request completed: GET /chat/models -> 200 (1.21ms) [127.0.0.1]
2025-10-29 18:12:13 | [32mINFO[0m | rag_pipeline | dispatch:23 | Request started: GET /chat/models [127.0.0.1]
2025-10-29 18:12:13 | [32mINFO[0m | rag_pipeline | dispatch:36 | Request completed: GET /chat/models -> 200 (1.75ms) [127.0.0.1]
2025-10-29 18:12:13 | [32mINFO[0m | rag_pipeline | dispatch:23 | Request started: GET /chat/models [127.0.0.1]
2025-10-29 18:12:13 | [32mINFO[0m | rag_pipeline | dispatch:36 | Request completed: GET /chat/models -> 200 (1.18ms) [127.0.0.1]
2025-10-29 18:13:40 | [32mINFO[0m | rag_pipeline | dispatch:23 | Request started: GET /chat/models [127.0.0.1]
2025-10-29 18:13:40 | [32mINFO[0m | rag_pipeline | dispatch:36 | Request completed: GET /chat/models -> 200 (1.91ms) [127.0.0.1]
2025-10-29 18:13:40 | [32mINFO[0m | rag_pipeline | dispatch:23 | Request started: GET /chat/models [127.0.0.1]
2025-10-29 18:13:40 | [32mINFO[0m | rag_pipeline | dispatch:36 | Request completed: GET /chat/models -> 200 (0.52ms) [127.0.0.1]
2025-10-29 18:16:33 | [32mINFO[0m | rag_pipeline | dispatch:23 | Request started: GET /chat/models [127.0.0.1]
2025-10-29 18:16:33 | [32mINFO[0m | rag_pipeline | dispatch:36 | Request completed: GET /chat/models -> 200 (1.10ms) [127.0.0.1]
2025-10-29 18:16:33 | [32mINFO[0m | rag_pipeline | dispatch:23 | Request started: GET /chat/models [127.0.0.1]
2025-10-29 18:16:33 | [32mINFO[0m | rag_pipeline | dispatch:36 | Request completed: GET /chat/models -> 200 (0.54ms) [127.0.0.1]
2025-10-29 18:16:37 | [32mINFO[0m | rag_pipeline | dispatch:23 | Request started: GET /chat/models [127.0.0.1]
2025-10-29 18:16:37 | [32mINFO[0m | rag_pipeline | dispatch:36 | Request completed: GET /chat/models -> 200 (1.38ms) [127.0.0.1]
2025-10-29 18:16:37 | [32mINFO[0m | rag_pipeline | dispatch:23 | Request started: GET /chat/models [127.0.0.1]
2025-10-29 18:16:37 | [32mINFO[0m | rag_pipeline | dispatch:36 | Request completed: GET /chat/models -> 200 (1.15ms) [127.0.0.1]
2025-10-29 18:16:42 | [32mINFO[0m | rag_pipeline | dispatch:23 | Request started: GET /chat/models [127.0.0.1]
2025-10-29 18:16:42 | [32mINFO[0m | rag_pipeline | dispatch:36 | Request completed: GET /chat/models -> 200 (1.33ms) [127.0.0.1]
2025-10-29 18:16:42 | [32mINFO[0m | rag_pipeline | dispatch:23 | Request started: GET /chat/models [127.0.0.1]
2025-10-29 18:16:42 | [32mINFO[0m | rag_pipeline | dispatch:36 | Request completed: GET /chat/models -> 200 (0.59ms) [127.0.0.1]
2025-10-29 18:18:23 | [32mINFO[0m | rag_pipeline | dispatch:23 | Request started: POST /chat [127.0.0.1]
2025-10-29 18:18:23 | [32mINFO[0m | rag_pipeline | dispatch:36 | Request completed: POST /chat -> 422 (10.38ms) [127.0.0.1]
2025-10-29 18:18:50 | [32mINFO[0m | rag_pipeline | dispatch:23 | Request started: POST /chat [127.0.0.1]
2025-10-29 18:18:50 | [32mINFO[0m | rag_pipeline | dispatch:36 | Request completed: POST /chat -> 422 (5.75ms) [127.0.0.1]
2025-10-29 18:18:55 | [32mINFO[0m | rag_pipeline | dispatch:23 | Request started: GET /auth/get_user [127.0.0.1]
2025-10-29 18:18:55 | [32mINFO[0m | rag_pipeline | dispatch:36 | Request completed: GET /auth/get_user -> 200 (1.80ms) [127.0.0.1]
2025-10-29 18:18:55 | [32mINFO[0m | rag_pipeline | dispatch:23 | Request started: GET /chat/models [127.0.0.1]
2025-10-29 18:18:55 | [32mINFO[0m | rag_pipeline | dispatch:36 | Request completed: GET /chat/models -> 200 (0.77ms) [127.0.0.1]
2025-10-29 18:18:55 | [32mINFO[0m | rag_pipeline | dispatch:23 | Request started: GET /chat/models [127.0.0.1]
2025-10-29 18:18:55 | [32mINFO[0m | rag_pipeline | dispatch:36 | Request completed: GET /chat/models -> 200 (0.44ms) [127.0.0.1]
2025-10-29 18:19:01 | [32mINFO[0m | rag_pipeline | dispatch:23 | Request started: POST /chat [127.0.0.1]
2025-10-29 18:19:01 | [32mINFO[0m | rag_pipeline | chat:293 | User ufawad0@gmail.com (ID: 1) asking question in domain 'therapy'
2025-10-29 18:19:03 | [32mINFO[0m | rag_pipeline | _retrieve:385 | Starting document retrieval for query: 'Console Error


[object Object]

lib/api.ts (54:13...'
2025-10-29 18:19:03 | [32mINFO[0m | rag_pipeline | _retrieve_with_hybrid_strategy:242 | Starting retrieval for query: 'Console Error


[object Object]

lib/api.ts (54:13) @ apiRequest


  52 |       }
  53 |       
> 54...'
2025-10-29 18:19:03 | [32mINFO[0m | rag_pipeline | _retrieve_with_hybrid_strategy:246 | Query preprocessed in 0.00s
2025-10-29 18:19:03 | [32mINFO[0m | rag_pipeline | _retrieve_with_hybrid_strategy:258 | About to call retriever.invoke() at 0.00s
2025-10-29 18:19:13 | [32mINFO[0m | rag_pipeline | _retrieve_with_hybrid_strategy:268 | Retriever returned 5 docs in 10.20s
2025-10-29 18:19:13 | [32mINFO[0m | rag_pipeline | _retrieve_with_hybrid_strategy:306 | Trying score-based filtering...
2025-10-29 18:19:14 | [32mINFO[0m | rag_pipeline | _retrieve_with_hybrid_strategy:350 | Final retrieval completed with 5 docs in 11.61s
2025-10-29 18:19:14 | [32mINFO[0m | rag_pipeline | _retrieve:393 | Retrieved 5 documents in 11.61s
2025-10-29 18:19:14 | [32mINFO[0m | rag_pipeline | _timed_llm_call:466 | Starting LLM generation for question: 'Console Error


[object Object]

lib/api.ts (54:13...'
2025-10-29 18:19:14 | [32mINFO[0m | rag_pipeline | _timed_llm_call:470 | Context formatted in 0.00s
2025-10-29 18:19:22 | [32mINFO[0m | rag_pipeline | _timed_llm_call:477 | LLM response generated in 7.94s
2025-10-29 18:19:22 | [32mINFO[0m | rag_pipeline | chat:308 | Chat completed for user 1 in domain 'therapy'
2025-10-29 18:19:22 | [32mINFO[0m | rag_pipeline | dispatch:36 | Request completed: POST /chat -> 200 (21397.54ms) [127.0.0.1]
2025-10-29 18:19:40 | [32mINFO[0m | rag_pipeline | dispatch:23 | Request started: POST /chat [127.0.0.1]
2025-10-29 18:19:40 | [32mINFO[0m | rag_pipeline | chat:293 | User ufawad0@gmail.com (ID: 1) asking question in domain 'therapy'
2025-10-29 18:19:40 | [32mINFO[0m | rag_pipeline | _retrieve:385 | Starting document retrieval for query: 'How many items are in the PSS-I and how is it stru...'
2025-10-29 18:19:40 | [32mINFO[0m | rag_pipeline | _retrieve_with_hybrid_strategy:242 | Starting retrieval for query: 'How many items are in the PSS-I and how is it structured?...'
2025-10-29 18:19:40 | [32mINFO[0m | rag_pipeline | _retrieve_with_hybrid_strategy:246 | Query preprocessed in 0.00s
2025-10-29 18:19:40 | [32mINFO[0m | rag_pipeline | _retrieve_with_hybrid_strategy:258 | About to call retriever.invoke() at 0.00s
2025-10-29 18:19:44 | [32mINFO[0m | rag_pipeline | _retrieve_with_hybrid_strategy:268 | Retriever returned 5 docs in 3.37s
2025-10-29 18:19:44 | [32mINFO[0m | rag_pipeline | _retrieve_with_hybrid_strategy:306 | Trying score-based filtering...
2025-10-29 18:19:45 | [32mINFO[0m | rag_pipeline | _retrieve_with_hybrid_strategy:350 | Final retrieval completed with 5 docs in 5.06s
2025-10-29 18:19:45 | [32mINFO[0m | rag_pipeline | _retrieve:393 | Retrieved 5 documents in 5.06s
2025-10-29 18:19:45 | [32mINFO[0m | rag_pipeline | _timed_llm_call:466 | Starting LLM generation for question: 'How many items are in the PSS-I and how is it stru...'
2025-10-29 18:19:45 | [32mINFO[0m | rag_pipeline | _timed_llm_call:470 | Context formatted in 0.00s
2025-10-29 18:19:49 | [32mINFO[0m | rag_pipeline | _timed_llm_call:477 | LLM response generated in 3.38s
2025-10-29 18:19:49 | [32mINFO[0m | rag_pipeline | chat:308 | Chat completed for user 1 in domain 'therapy'
2025-10-29 18:19:49 | [32mINFO[0m | rag_pipeline | dispatch:36 | Request completed: POST /chat -> 200 (8469.91ms) [127.0.0.1]
2025-10-29 18:22:57 | [32mINFO[0m | rag_pipeline | log_startup:251 | ================================================================================
2025-10-29 18:22:57 | [32mINFO[0m | rag_pipeline | log_startup:252 | RAG Pipeline Server Starting
2025-10-29 18:22:57 | [32mINFO[0m | rag_pipeline | log_startup:253 | Timestamp: 2025-10-29 18:22:57
2025-10-29 18:22:57 | [32mINFO[0m | rag_pipeline | log_startup:254 | Logs Directory: /Users/usman/Documents/Projects/rag-pipeline/logs
2025-10-29 18:22:57 | [32mINFO[0m | rag_pipeline | log_startup:255 | ================================================================================
2025-10-29 18:25:16 | [32mINFO[0m | rag_pipeline | log_shutdown:260 | ================================================================================
2025-10-29 18:25:16 | [32mINFO[0m | rag_pipeline | log_shutdown:261 | RAG Pipeline Server Shutting Down
2025-10-29 18:25:16 | [32mINFO[0m | rag_pipeline | log_shutdown:262 | Timestamp: 2025-10-29 18:25:16
2025-10-29 18:25:16 | [32mINFO[0m | rag_pipeline | log_shutdown:263 | ================================================================================
2025-10-30 04:31:38 | [32mINFO[0m | rag_pipeline | log_startup:251 | ================================================================================
2025-10-30 04:31:38 | [32mINFO[0m | rag_pipeline | log_startup:252 | RAG Pipeline Server Starting
2025-10-30 04:31:38 | [32mINFO[0m | rag_pipeline | log_startup:253 | Timestamp: 2025-10-30 04:31:38
2025-10-30 04:31:38 | [32mINFO[0m | rag_pipeline | log_startup:254 | Logs Directory: /Users/usman/Documents/Projects/rag-pipeline/logs
2025-10-30 04:31:38 | [32mINFO[0m | rag_pipeline | log_startup:255 | ================================================================================
2025-10-30 04:32:10 | [32mINFO[0m | rag_pipeline | dispatch:23 | Request started: GET /auth/get_user [127.0.0.1]
2025-10-30 04:32:10 | [32mINFO[0m | rag_pipeline | dispatch:36 | Request completed: GET /auth/get_user -> 200 (27.77ms) [127.0.0.1]
2025-10-30 04:37:49 | [32mINFO[0m | rag_pipeline | dispatch:23 | Request started: POST /auth/login [127.0.0.1]
2025-10-30 04:37:49 | [32mINFO[0m | rag_pipeline | authenticate_user:71 | User authenticated successfully: ufawad0@gmail.com (ID: 1)
2025-10-30 04:37:49 | [32mINFO[0m | rag_pipeline | create_tokens:94 | Tokens created for user: ufawad0@gmail.com (ID: 1)
2025-10-30 04:37:49 | [32mINFO[0m | rag_pipeline | dispatch:36 | Request completed: POST /auth/login -> 200 (231.65ms) [127.0.0.1]
2025-10-30 04:37:49 | [32mINFO[0m | rag_pipeline | dispatch:23 | Request started: GET /auth/get_user [127.0.0.1]
2025-10-30 04:37:49 | [32mINFO[0m | rag_pipeline | dispatch:36 | Request completed: GET /auth/get_user -> 200 (0.88ms) [127.0.0.1]
2025-10-30 04:37:49 | [32mINFO[0m | rag_pipeline | dispatch:23 | Request started: GET /chat/models [127.0.0.1]
2025-10-30 04:37:49 | [32mINFO[0m | rag_pipeline | dispatch:36 | Request completed: GET /chat/models -> 200 (2.53ms) [127.0.0.1]
2025-10-30 04:37:49 | [32mINFO[0m | rag_pipeline | dispatch:23 | Request started: GET /chat/models [127.0.0.1]
2025-10-30 04:37:49 | [32mINFO[0m | rag_pipeline | dispatch:36 | Request completed: GET /chat/models -> 200 (1.15ms) [127.0.0.1]
2025-10-30 04:38:51 | [32mINFO[0m | rag_pipeline | dispatch:23 | Request started: GET / [127.0.0.1]
2025-10-30 04:38:51 | [32mINFO[0m | rag_pipeline | dispatch:36 | Request completed: GET / -> 404 (2.05ms) [127.0.0.1]
2025-10-30 04:38:51 | [32mINFO[0m | rag_pipeline | dispatch:23 | Request started: GET /favicon.ico [127.0.0.1]
2025-10-30 04:38:51 | [32mINFO[0m | rag_pipeline | dispatch:36 | Request completed: GET /favicon.ico -> 404 (0.73ms) [127.0.0.1]
2025-10-30 04:38:57 | [32mINFO[0m | rag_pipeline | dispatch:23 | Request started: GET /docs [127.0.0.1]
2025-10-30 04:38:57 | [32mINFO[0m | rag_pipeline | dispatch:36 | Request completed: GET /docs -> 200 (1.66ms) [127.0.0.1]
2025-10-30 04:38:57 | [32mINFO[0m | rag_pipeline | dispatch:23 | Request started: GET /openapi.json [127.0.0.1]
2025-10-30 04:38:57 | [32mINFO[0m | rag_pipeline | dispatch:36 | Request completed: GET /openapi.json -> 200 (17.41ms) [127.0.0.1]
2025-10-30 04:41:52 | [32mINFO[0m | rag_pipeline | dispatch:23 | Request started: POST /chat [127.0.0.1]
2025-10-30 04:41:52 | [32mINFO[0m | rag_pipeline | chat:293 | User ufawad0@gmail.com (ID: 1) asking question in domain 'therapy'
2025-10-30 04:41:52 | [32mINFO[0m | rag_pipeline | _retrieve:385 | Starting document retrieval for query: 'How long does the CAPS-5 interview typically take?...'
2025-10-30 04:41:52 | [32mINFO[0m | rag_pipeline | _retrieve_with_hybrid_strategy:242 | Starting retrieval for query: 'How long does the CAPS-5 interview typically take?...'
2025-10-30 04:41:52 | [32mINFO[0m | rag_pipeline | _retrieve_with_hybrid_strategy:246 | Query preprocessed in 0.00s
2025-10-30 04:41:52 | [32mINFO[0m | rag_pipeline | _retrieve_with_hybrid_strategy:258 | About to call retriever.invoke() at 0.00s
2025-10-30 04:42:00 | [32mINFO[0m | rag_pipeline | _retrieve_with_hybrid_strategy:268 | Retriever returned 5 docs in 7.88s
2025-10-30 04:42:00 | [32mINFO[0m | rag_pipeline | _retrieve_with_hybrid_strategy:306 | Trying score-based filtering...
2025-10-30 04:42:02 | [32mINFO[0m | rag_pipeline | _retrieve_with_hybrid_strategy:350 | Final retrieval completed with 5 docs in 9.30s
2025-10-30 04:42:02 | [32mINFO[0m | rag_pipeline | _retrieve:393 | Retrieved 5 documents in 9.30s
2025-10-30 04:42:02 | [32mINFO[0m | rag_pipeline | _timed_llm_call:466 | Starting LLM generation for question: 'How long does the CAPS-5 interview typically take?...'
2025-10-30 04:42:02 | [32mINFO[0m | rag_pipeline | _timed_llm_call:470 | Context formatted in 0.00s
2025-10-30 04:42:03 | [32mINFO[0m | rag_pipeline | _timed_llm_call:477 | LLM response generated in 1.66s
2025-10-30 04:42:03 | [32mINFO[0m | rag_pipeline | chat:308 | Chat completed for user 1 in domain 'therapy'
2025-10-30 04:42:03 | [32mINFO[0m | rag_pipeline | dispatch:36 | Request completed: POST /chat -> 200 (11654.93ms) [127.0.0.1]
2025-10-30 04:42:13 | [32mINFO[0m | rag_pipeline | dispatch:23 | Request started: GET /auth/get_user [127.0.0.1]
2025-10-30 04:42:13 | [32mINFO[0m | rag_pipeline | dispatch:36 | Request completed: GET /auth/get_user -> 200 (3.10ms) [127.0.0.1]
2025-10-30 04:42:13 | [32mINFO[0m | rag_pipeline | dispatch:23 | Request started: GET /chat/models [127.0.0.1]
2025-10-30 04:42:13 | [32mINFO[0m | rag_pipeline | dispatch:36 | Request completed: GET /chat/models -> 200 (1.04ms) [127.0.0.1]
2025-10-30 04:42:13 | [32mINFO[0m | rag_pipeline | dispatch:23 | Request started: GET /chat/models [127.0.0.1]
2025-10-30 04:42:13 | [32mINFO[0m | rag_pipeline | dispatch:36 | Request completed: GET /chat/models -> 200 (0.49ms) [127.0.0.1]
2025-10-30 04:43:20 | [32mINFO[0m | rag_pipeline | dispatch:23 | Request started: POST /auth/login [127.0.0.1]
2025-10-30 04:43:20 | [32mINFO[0m | rag_pipeline | authenticate_user:71 | User authenticated successfully: ufawad0@gmail.com (ID: 1)
2025-10-30 04:43:20 | [32mINFO[0m | rag_pipeline | create_tokens:94 | Tokens created for user: ufawad0@gmail.com (ID: 1)
2025-10-30 04:43:20 | [32mINFO[0m | rag_pipeline | dispatch:36 | Request completed: POST /auth/login -> 200 (211.57ms) [127.0.0.1]
2025-10-30 04:43:20 | [32mINFO[0m | rag_pipeline | dispatch:23 | Request started: GET /auth/get_user [127.0.0.1]
2025-10-30 04:43:20 | [32mINFO[0m | rag_pipeline | dispatch:36 | Request completed: GET /auth/get_user -> 200 (0.86ms) [127.0.0.1]
2025-10-30 04:43:20 | [32mINFO[0m | rag_pipeline | dispatch:23 | Request started: GET /chat/models [127.0.0.1]
2025-10-30 04:43:20 | [32mINFO[0m | rag_pipeline | dispatch:36 | Request completed: GET /chat/models -> 200 (3.90ms) [127.0.0.1]
2025-10-30 04:43:20 | [32mINFO[0m | rag_pipeline | dispatch:23 | Request started: GET /chat/models [127.0.0.1]
2025-10-30 04:43:20 | [32mINFO[0m | rag_pipeline | dispatch:36 | Request completed: GET /chat/models -> 200 (3.58ms) [127.0.0.1]
2025-10-30 04:44:51 | [32mINFO[0m | rag_pipeline | dispatch:23 | Request started: GET /chat/models [127.0.0.1]
2025-10-30 04:44:51 | [32mINFO[0m | rag_pipeline | dispatch:36 | Request completed: GET /chat/models -> 200 (1.17ms) [127.0.0.1]
2025-10-30 04:44:51 | [32mINFO[0m | rag_pipeline | dispatch:23 | Request started: GET /chat/models [127.0.0.1]
2025-10-30 04:44:51 | [32mINFO[0m | rag_pipeline | dispatch:36 | Request completed: GET /chat/models -> 200 (0.56ms) [127.0.0.1]
2025-10-30 04:45:22 | [32mINFO[0m | rag_pipeline | dispatch:23 | Request started: POST /chat [127.0.0.1]
2025-10-30 04:45:22 | [32mINFO[0m | rag_pipeline | chat:293 | User ufawad0@gmail.com (ID: 1) asking question in domain 'therapy'
2025-10-30 04:45:22 | [32mINFO[0m | rag_pipeline | _retrieve:385 | Starting document retrieval for query: 'What is the CAPS-5 and who developed it?...'
2025-10-30 04:45:22 | [32mINFO[0m | rag_pipeline | _retrieve_with_hybrid_strategy:242 | Starting retrieval for query: 'What is the CAPS-5 and who developed it?...'
2025-10-30 04:45:22 | [32mINFO[0m | rag_pipeline | _retrieve_with_hybrid_strategy:246 | Query preprocessed in 0.00s
2025-10-30 04:45:22 | [32mINFO[0m | rag_pipeline | _retrieve_with_hybrid_strategy:258 | About to call retriever.invoke() at 0.00s
2025-10-30 04:45:26 | [32mINFO[0m | rag_pipeline | _retrieve_with_hybrid_strategy:268 | Retriever returned 5 docs in 3.62s
2025-10-30 04:45:26 | [32mINFO[0m | rag_pipeline | _retrieve_with_hybrid_strategy:306 | Trying score-based filtering...
2025-10-30 04:45:27 | [32mINFO[0m | rag_pipeline | _retrieve_with_hybrid_strategy:350 | Final retrieval completed with 5 docs in 4.58s
2025-10-30 04:45:27 | [32mINFO[0m | rag_pipeline | _retrieve:393 | Retrieved 5 documents in 4.58s
2025-10-30 04:45:27 | [32mINFO[0m | rag_pipeline | _timed_llm_call:466 | Starting LLM generation for question: 'What is the CAPS-5 and who developed it?...'
2025-10-30 04:45:27 | [32mINFO[0m | rag_pipeline | _timed_llm_call:470 | Context formatted in 0.00s
2025-10-30 04:45:37 | [32mINFO[0m | rag_pipeline | _timed_llm_call:477 | LLM response generated in 9.95s
2025-10-30 04:45:37 | [32mINFO[0m | rag_pipeline | chat:308 | Chat completed for user 1 in domain 'therapy'
2025-10-30 04:45:37 | [32mINFO[0m | rag_pipeline | dispatch:36 | Request completed: POST /chat -> 200 (14570.91ms) [127.0.0.1]
2025-10-30 04:49:50 | [32mINFO[0m | rag_pipeline | dispatch:23 | Request started: GET /chat/models [127.0.0.1]
2025-10-30 04:49:50 | [32mINFO[0m | rag_pipeline | dispatch:36 | Request completed: GET /chat/models -> 200 (1.23ms) [127.0.0.1]
2025-10-30 04:49:50 | [32mINFO[0m | rag_pipeline | dispatch:23 | Request started: GET /chat/models [127.0.0.1]
2025-10-30 04:49:50 | [32mINFO[0m | rag_pipeline | dispatch:36 | Request completed: GET /chat/models -> 200 (0.69ms) [127.0.0.1]
2025-11-14 21:04:45 | [32mINFO[0m | rag_pipeline | log_startup:251 | ================================================================================
2025-11-14 21:04:45 | [32mINFO[0m | rag_pipeline | log_startup:252 | RAG Pipeline Server Starting
2025-11-14 21:04:45 | [32mINFO[0m | rag_pipeline | log_startup:253 | Timestamp: 2025-11-14 21:04:45
2025-11-14 21:04:45 | [32mINFO[0m | rag_pipeline | log_startup:254 | Logs Directory: /Users/usman/Documents/Projects/rag-pipeline/logs
2025-11-14 21:04:45 | [32mINFO[0m | rag_pipeline | log_startup:255 | ================================================================================
2025-11-14 21:04:59 | [32mINFO[0m | rag_pipeline | dispatch:23 | Request started: GET /auth/get_user [127.0.0.1]
2025-11-14 21:04:59 | [33mWARNING[0m | rag_pipeline | verify_token:122 | JWT verification error: Signature has expired.
2025-11-14 21:04:59 | [32mINFO[0m | rag_pipeline | dispatch:36 | Request completed: GET /auth/get_user -> 401 (8.91ms) [127.0.0.1]
2025-11-14 21:05:05 | [32mINFO[0m | rag_pipeline | dispatch:23 | Request started: POST /auth/login [127.0.0.1]
2025-11-14 21:05:05 | [33mWARNING[0m | rag_pipeline | authenticate_user:61 | Failed login attempt for: ufawad0@gmail.com
2025-11-14 21:05:05 | [32mINFO[0m | rag_pipeline | dispatch:36 | Request completed: POST /auth/login -> 401 (225.46ms) [127.0.0.1]
2025-11-14 22:02:21 | [32mINFO[0m | rag_pipeline | dispatch:23 | Request started: GET /auth/get_user [127.0.0.1]
2025-11-14 22:02:21 | [33mWARNING[0m | rag_pipeline | verify_token:122 | JWT verification error: Signature has expired.
2025-11-14 22:02:21 | [32mINFO[0m | rag_pipeline | dispatch:36 | Request completed: GET /auth/get_user -> 401 (4.26ms) [127.0.0.1]
2025-11-14 22:09:56 | [32mINFO[0m | rag_pipeline | dispatch:23 | Request started: POST /auth/login [127.0.0.1]
2025-11-14 22:09:57 | [33mWARNING[0m | rag_pipeline | authenticate_user:61 | Failed login attempt for: ufawad0@gmail.com
2025-11-14 22:09:57 | [32mINFO[0m | rag_pipeline | dispatch:36 | Request completed: POST /auth/login -> 401 (215.81ms) [127.0.0.1]
2025-11-14 22:10:02 | [32mINFO[0m | rag_pipeline | dispatch:23 | Request started: POST /auth/login [127.0.0.1]
2025-11-14 22:10:02 | [32mINFO[0m | rag_pipeline | authenticate_user:71 | User authenticated successfully: ufawad0@gmail.com (ID: 1)
2025-11-14 22:10:02 | [32mINFO[0m | rag_pipeline | create_tokens:94 | Tokens created for user: ufawad0@gmail.com (ID: 1)
2025-11-14 22:10:02 | [32mINFO[0m | rag_pipeline | dispatch:36 | Request completed: POST /auth/login -> 200 (212.02ms) [127.0.0.1]
2025-11-14 22:10:02 | [32mINFO[0m | rag_pipeline | dispatch:23 | Request started: GET /auth/get_user [127.0.0.1]
2025-11-14 22:10:02 | [32mINFO[0m | rag_pipeline | dispatch:36 | Request completed: GET /auth/get_user -> 200 (4.22ms) [127.0.0.1]
2025-11-14 22:10:03 | [32mINFO[0m | rag_pipeline | dispatch:23 | Request started: GET /chat/models [127.0.0.1]
2025-11-14 22:10:03 | [32mINFO[0m | rag_pipeline | dispatch:36 | Request completed: GET /chat/models -> 200 (1.93ms) [127.0.0.1]
2025-11-14 22:10:03 | [32mINFO[0m | rag_pipeline | dispatch:23 | Request started: GET /chat/models [127.0.0.1]
2025-11-14 22:10:03 | [32mINFO[0m | rag_pipeline | dispatch:36 | Request completed: GET /chat/models -> 200 (2.55ms) [127.0.0.1]
2025-11-14 22:12:06 | [32mINFO[0m | rag_pipeline | dispatch:23 | Request started: GET /chat/models [127.0.0.1]
2025-11-14 22:12:06 | [32mINFO[0m | rag_pipeline | dispatch:36 | Request completed: GET /chat/models -> 200 (3.55ms) [127.0.0.1]
2025-11-14 22:12:06 | [32mINFO[0m | rag_pipeline | dispatch:23 | Request started: GET /chat/models [127.0.0.1]
2025-11-14 22:12:06 | [32mINFO[0m | rag_pipeline | dispatch:36 | Request completed: GET /chat/models -> 200 (1.20ms) [127.0.0.1]
2025-11-14 22:12:15 | [32mINFO[0m | rag_pipeline | dispatch:23 | Request started: GET /chat/models [127.0.0.1]
2025-11-14 22:12:15 | [32mINFO[0m | rag_pipeline | dispatch:36 | Request completed: GET /chat/models -> 200 (1.42ms) [127.0.0.1]
2025-11-14 22:12:15 | [32mINFO[0m | rag_pipeline | dispatch:23 | Request started: GET /chat/models [127.0.0.1]
2025-11-14 22:12:15 | [32mINFO[0m | rag_pipeline | dispatch:36 | Request completed: GET /chat/models -> 200 (0.65ms) [127.0.0.1]
2025-11-14 22:12:31 | [32mINFO[0m | rag_pipeline | dispatch:23 | Request started: GET /chat/models [127.0.0.1]
2025-11-14 22:12:31 | [32mINFO[0m | rag_pipeline | dispatch:36 | Request completed: GET /chat/models -> 200 (1.60ms) [127.0.0.1]
2025-11-14 22:12:31 | [32mINFO[0m | rag_pipeline | dispatch:23 | Request started: GET /chat/models [127.0.0.1]
2025-11-14 22:12:31 | [32mINFO[0m | rag_pipeline | dispatch:36 | Request completed: GET /chat/models -> 200 (0.72ms) [127.0.0.1]
2025-11-14 22:12:44 | [32mINFO[0m | rag_pipeline | dispatch:23 | Request started: GET /auth/get_user [127.0.0.1]
2025-11-14 22:12:44 | [32mINFO[0m | rag_pipeline | dispatch:36 | Request completed: GET /auth/get_user -> 200 (2.40ms) [127.0.0.1]
2025-11-14 22:12:47 | [32mINFO[0m | rag_pipeline | dispatch:23 | Request started: GET /auth/get_user [127.0.0.1]
2025-11-14 22:12:47 | [32mINFO[0m | rag_pipeline | dispatch:36 | Request completed: GET /auth/get_user -> 200 (2.69ms) [127.0.0.1]
2025-11-14 22:12:47 | [32mINFO[0m | rag_pipeline | dispatch:23 | Request started: GET /chat/models [127.0.0.1]
2025-11-14 22:12:47 | [32mINFO[0m | rag_pipeline | dispatch:36 | Request completed: GET /chat/models -> 200 (0.67ms) [127.0.0.1]
2025-11-14 22:12:47 | [32mINFO[0m | rag_pipeline | dispatch:23 | Request started: GET /chat/models [127.0.0.1]
2025-11-14 22:12:47 | [32mINFO[0m | rag_pipeline | dispatch:36 | Request completed: GET /chat/models -> 200 (0.60ms) [127.0.0.1]
2025-11-14 22:13:12 | [32mINFO[0m | rag_pipeline | dispatch:23 | Request started: POST /auth/login [127.0.0.1]
2025-11-14 22:13:12 | [32mINFO[0m | rag_pipeline | authenticate_user:71 | User authenticated successfully: ufawad0@gmail.com (ID: 1)
2025-11-14 22:13:12 | [32mINFO[0m | rag_pipeline | create_tokens:94 | Tokens created for user: ufawad0@gmail.com (ID: 1)
2025-11-14 22:13:12 | [32mINFO[0m | rag_pipeline | dispatch:36 | Request completed: POST /auth/login -> 200 (211.18ms) [127.0.0.1]
2025-11-14 22:13:12 | [32mINFO[0m | rag_pipeline | dispatch:23 | Request started: GET /auth/get_user [127.0.0.1]
2025-11-14 22:13:12 | [32mINFO[0m | rag_pipeline | dispatch:36 | Request completed: GET /auth/get_user -> 200 (0.78ms) [127.0.0.1]
2025-11-14 22:13:12 | [32mINFO[0m | rag_pipeline | dispatch:23 | Request started: GET /chat/models [127.0.0.1]
2025-11-14 22:13:12 | [32mINFO[0m | rag_pipeline | dispatch:36 | Request completed: GET /chat/models -> 200 (1.37ms) [127.0.0.1]
2025-11-14 22:13:12 | [32mINFO[0m | rag_pipeline | dispatch:23 | Request started: GET /chat/models [127.0.0.1]
2025-11-14 22:13:12 | [32mINFO[0m | rag_pipeline | dispatch:36 | Request completed: GET /chat/models -> 200 (1.32ms) [127.0.0.1]
2025-11-14 22:14:35 | [32mINFO[0m | rag_pipeline | dispatch:23 | Request started: GET /chat/models [127.0.0.1]
2025-11-14 22:14:35 | [32mINFO[0m | rag_pipeline | dispatch:36 | Request completed: GET /chat/models -> 200 (1.51ms) [127.0.0.1]
2025-11-14 22:14:35 | [32mINFO[0m | rag_pipeline | dispatch:23 | Request started: GET /chat/models [127.0.0.1]
2025-11-14 22:14:35 | [32mINFO[0m | rag_pipeline | dispatch:36 | Request completed: GET /chat/models -> 200 (0.50ms) [127.0.0.1]
2025-11-14 22:16:01 | [32mINFO[0m | rag_pipeline | dispatch:23 | Request started: POST /chat [127.0.0.1]
2025-11-14 22:16:01 | [32mINFO[0m | rag_pipeline | chat:293 | User ufawad0@gmail.com (ID: 1) asking question in domain 'therapy'
2025-11-14 22:16:03 | [32mINFO[0m | rag_pipeline | _retrieve:385 | Starting document retrieval for query: 'I can't have sex. What's the reason?...'
2025-11-14 22:16:03 | [32mINFO[0m | rag_pipeline | _retrieve_with_hybrid_strategy:242 | Starting retrieval for query: 'I can't have sex. What's the reason?...'
2025-11-14 22:16:03 | [32mINFO[0m | rag_pipeline | _retrieve_with_hybrid_strategy:246 | Query preprocessed in 0.00s
2025-11-14 22:16:03 | [32mINFO[0m | rag_pipeline | _retrieve_with_hybrid_strategy:258 | About to call retriever.invoke() at 0.00s
2025-11-14 22:16:12 | [32mINFO[0m | rag_pipeline | _retrieve_with_hybrid_strategy:268 | Retriever returned 5 docs in 9.19s
2025-11-14 22:16:12 | [32mINFO[0m | rag_pipeline | _retrieve_with_hybrid_strategy:306 | Trying score-based filtering...
2025-11-14 22:16:13 | [32mINFO[0m | rag_pipeline | _retrieve_with_hybrid_strategy:350 | Final retrieval completed with 5 docs in 10.13s
2025-11-14 22:16:13 | [32mINFO[0m | rag_pipeline | _retrieve:393 | Retrieved 5 documents in 10.13s
2025-11-14 22:16:13 | [32mINFO[0m | rag_pipeline | _timed_llm_call:466 | Starting LLM generation for question: 'I can't have sex. What's the reason?...'
2025-11-14 22:16:13 | [32mINFO[0m | rag_pipeline | _timed_llm_call:470 | Context formatted in 0.00s
2025-11-14 22:16:37 | [32mINFO[0m | rag_pipeline | _timed_llm_call:477 | LLM response generated in 24.17s
2025-11-14 22:16:37 | [32mINFO[0m | rag_pipeline | chat:308 | Chat completed for user 1 in domain 'therapy'
2025-11-14 22:16:37 | [32mINFO[0m | rag_pipeline | dispatch:36 | Request completed: POST /chat -> 200 (35489.63ms) [127.0.0.1]
2025-11-15 00:03:32 | [32mINFO[0m | rag_pipeline | log_shutdown:260 | ================================================================================
2025-11-15 00:03:32 | [32mINFO[0m | rag_pipeline | log_shutdown:261 | RAG Pipeline Server Shutting Down
2025-11-15 00:03:32 | [32mINFO[0m | rag_pipeline | log_shutdown:262 | Timestamp: 2025-11-15 00:03:32
2025-11-15 00:03:32 | [32mINFO[0m | rag_pipeline | log_shutdown:263 | ================================================================================
2025-11-20 00:00:48 | [32mINFO[0m | rag_pipeline | log_startup:251 | ================================================================================
2025-11-20 00:00:48 | [32mINFO[0m | rag_pipeline | log_startup:252 | RAG Pipeline Server Starting
2025-11-20 00:00:48 | [32mINFO[0m | rag_pipeline | log_startup:253 | Timestamp: 2025-11-20 00:00:48
2025-11-20 00:00:48 | [32mINFO[0m | rag_pipeline | log_startup:254 | Logs Directory: /Users/usman/Documents/Projects/rag-pipeline/logs
2025-11-20 00:00:48 | [32mINFO[0m | rag_pipeline | log_startup:255 | ================================================================================
2025-11-20 00:01:05 | [32mINFO[0m | rag_pipeline | dispatch:23 | Request started: GET /auth/get_user [127.0.0.1]
2025-11-20 00:01:05 | [32mINFO[0m | rag_pipeline | dispatch:36 | Request completed: GET /auth/get_user -> 200 (18.35ms) [127.0.0.1]
2025-11-20 00:01:45 | [32mINFO[0m | rag_pipeline | dispatch:23 | Request started: POST /auth/login [127.0.0.1]
2025-11-20 00:01:45 | [32mINFO[0m | rag_pipeline | authenticate_user:71 | User authenticated successfully: ufawad0@gmail.com (ID: 1)
2025-11-20 00:01:45 | [32mINFO[0m | rag_pipeline | create_tokens:94 | Tokens created for user: ufawad0@gmail.com (ID: 1)
2025-11-20 00:01:45 | [32mINFO[0m | rag_pipeline | dispatch:36 | Request completed: POST /auth/login -> 200 (231.22ms) [127.0.0.1]
2025-11-20 00:01:45 | [32mINFO[0m | rag_pipeline | dispatch:23 | Request started: GET /auth/get_user [127.0.0.1]
2025-11-20 00:01:45 | [32mINFO[0m | rag_pipeline | dispatch:36 | Request completed: GET /auth/get_user -> 200 (1.09ms) [127.0.0.1]
2025-11-20 00:01:46 | [32mINFO[0m | rag_pipeline | dispatch:23 | Request started: GET /chat/models [127.0.0.1]
2025-11-20 00:01:46 | [32mINFO[0m | rag_pipeline | dispatch:36 | Request completed: GET /chat/models -> 200 (3.02ms) [127.0.0.1]
2025-11-20 00:01:46 | [32mINFO[0m | rag_pipeline | dispatch:23 | Request started: GET /chat/models [127.0.0.1]
2025-11-20 00:01:46 | [32mINFO[0m | rag_pipeline | dispatch:36 | Request completed: GET /chat/models -> 200 (1.13ms) [127.0.0.1]
2025-11-20 00:02:17 | [32mINFO[0m | rag_pipeline | dispatch:23 | Request started: GET /auth/get_user [127.0.0.1]
2025-11-20 00:02:17 | [32mINFO[0m | rag_pipeline | dispatch:36 | Request completed: GET /auth/get_user -> 200 (3.97ms) [127.0.0.1]
2025-11-20 00:04:45 | [32mINFO[0m | rag_pipeline | dispatch:23 | Request started: GET /docs [127.0.0.1]
2025-11-20 00:04:45 | [32mINFO[0m | rag_pipeline | dispatch:36 | Request completed: GET /docs -> 200 (1.75ms) [127.0.0.1]
2025-11-20 00:04:46 | [32mINFO[0m | rag_pipeline | dispatch:23 | Request started: GET /openapi.json [127.0.0.1]
2025-11-20 00:04:46 | [32mINFO[0m | rag_pipeline | dispatch:36 | Request completed: GET /openapi.json -> 200 (13.04ms) [127.0.0.1]
2025-11-20 00:05:08 | [32mINFO[0m | rag_pipeline | dispatch:23 | Request started: POST /auth/login [127.0.0.1]
2025-11-20 00:05:09 | [32mINFO[0m | rag_pipeline | authenticate_user:71 | User authenticated successfully: ufawad0@gmail.com (ID: 1)
2025-11-20 00:05:09 | [32mINFO[0m | rag_pipeline | create_tokens:94 | Tokens created for user: ufawad0@gmail.com (ID: 1)
2025-11-20 00:05:09 | [32mINFO[0m | rag_pipeline | dispatch:36 | Request completed: POST /auth/login -> 200 (211.11ms) [127.0.0.1]
2025-11-20 00:06:37 | [32mINFO[0m | rag_pipeline | log_shutdown:260 | ================================================================================
2025-11-20 00:06:37 | [32mINFO[0m | rag_pipeline | log_shutdown:261 | RAG Pipeline Server Shutting Down
2025-11-20 00:06:37 | [32mINFO[0m | rag_pipeline | log_shutdown:262 | Timestamp: 2025-11-20 00:06:37
2025-11-20 00:06:37 | [32mINFO[0m | rag_pipeline | log_shutdown:263 | ================================================================================
2025-11-20 00:06:40 | [32mINFO[0m | rag_pipeline | log_startup:251 | ================================================================================
2025-11-20 00:06:40 | [32mINFO[0m | rag_pipeline | log_startup:252 | RAG Pipeline Server Starting
2025-11-20 00:06:40 | [32mINFO[0m | rag_pipeline | log_startup:253 | Timestamp: 2025-11-20 00:06:40
2025-11-20 00:06:40 | [32mINFO[0m | rag_pipeline | log_startup:254 | Logs Directory: /Users/usman/Documents/Projects/rag-pipeline/logs
2025-11-20 00:06:40 | [32mINFO[0m | rag_pipeline | log_startup:255 | ================================================================================
2025-11-20 00:06:48 | [32mINFO[0m | rag_pipeline | dispatch:23 | Request started: GET /docs [127.0.0.1]
2025-11-20 00:06:48 | [32mINFO[0m | rag_pipeline | dispatch:36 | Request completed: GET /docs -> 200 (1.37ms) [127.0.0.1]
2025-11-20 00:06:48 | [32mINFO[0m | rag_pipeline | dispatch:23 | Request started: GET /openapi.json [127.0.0.1]
2025-11-20 00:06:48 | [32mINFO[0m | rag_pipeline | dispatch:36 | Request completed: GET /openapi.json -> 200 (10.46ms) [127.0.0.1]
2025-11-20 00:07:03 | [32mINFO[0m | rag_pipeline | dispatch:23 | Request started: GET /documents [127.0.0.1]
2025-11-20 00:07:03 | [32mINFO[0m | rag_pipeline | get_all_documents:631 | User ufawad0@gmail.com (ID: 1) requesting all documents from vector store
2025-11-20 00:07:09 | [32mINFO[0m | rag_pipeline | get_all_documents:724 | Found 2 documents with 63 total chunks for user 1 across all domains
2025-11-20 00:07:09 | [32mINFO[0m | rag_pipeline | dispatch:36 | Request completed: GET /documents -> 200 (6227.87ms) [127.0.0.1]
2025-11-20 00:07:51 | [32mINFO[0m | rag_pipeline | dispatch:23 | Request started: POST /auth/login [127.0.0.1]
2025-11-20 00:07:51 | [33mWARNING[0m | rag_pipeline | authenticate_user:56 | Login attempt with non-existent email: usman.f.choudhary@gmail.com
2025-11-20 00:07:51 | [32mINFO[0m | rag_pipeline | dispatch:36 | Request completed: POST /auth/login -> 401 (7.18ms) [127.0.0.1]
2025-11-20 00:07:56 | [32mINFO[0m | rag_pipeline | dispatch:23 | Request started: POST /auth/login [127.0.0.1]
2025-11-20 00:07:56 | [33mWARNING[0m | rag_pipeline | authenticate_user:56 | Login attempt with non-existent email: usman.f.choudhary@gmail.com
2025-11-20 00:07:56 | [32mINFO[0m | rag_pipeline | dispatch:36 | Request completed: POST /auth/login -> 401 (5.11ms) [127.0.0.1]
2025-11-20 00:12:18 | [32mINFO[0m | rag_pipeline | dispatch:23 | Request started: POST /auth/login [127.0.0.1]
2025-11-20 00:12:18 | [32mINFO[0m | rag_pipeline | authenticate_user:71 | User authenticated successfully: ufawad0@gmail.com (ID: 1)
2025-11-20 00:12:18 | [32mINFO[0m | rag_pipeline | create_tokens:94 | Tokens created for user: ufawad0@gmail.com (ID: 1)
2025-11-20 00:12:18 | [32mINFO[0m | rag_pipeline | dispatch:36 | Request completed: POST /auth/login -> 200 (225.43ms) [127.0.0.1]
2025-11-20 00:19:14 | [32mINFO[0m | rag_pipeline | dispatch:23 | Request started: GET /auth/get_user [127.0.0.1]
2025-11-20 00:19:14 | [32mINFO[0m | rag_pipeline | dispatch:36 | Request completed: GET /auth/get_user -> 200 (2.07ms) [127.0.0.1]
2025-11-20 00:19:47 | [32mINFO[0m | rag_pipeline | dispatch:23 | Request started: GET /auth/get_user [127.0.0.1]
2025-11-20 00:19:47 | [32mINFO[0m | rag_pipeline | dispatch:36 | Request completed: GET /auth/get_user -> 200 (1.53ms) [127.0.0.1]
2025-11-20 00:19:47 | [32mINFO[0m | rag_pipeline | dispatch:23 | Request started: GET /documents [127.0.0.1]
2025-11-20 00:19:47 | [32mINFO[0m | rag_pipeline | get_all_documents:631 | User ufawad0@gmail.com (ID: 1) requesting all documents from vector store
2025-11-20 00:19:47 | [32mINFO[0m | rag_pipeline | dispatch:23 | Request started: GET /documents [127.0.0.1]
2025-11-20 00:19:47 | [32mINFO[0m | rag_pipeline | get_all_documents:631 | User ufawad0@gmail.com (ID: 1) requesting all documents from vector store
2025-11-20 00:19:47 | [32mINFO[0m | rag_pipeline | dispatch:23 | Request started: GET /auth/get_user [127.0.0.1]
2025-11-20 00:19:47 | [32mINFO[0m | rag_pipeline | dispatch:36 | Request completed: GET /auth/get_user -> 200 (3.57ms) [127.0.0.1]
2025-11-20 00:19:47 | [32mINFO[0m | rag_pipeline | dispatch:23 | Request started: GET /documents [127.0.0.1]
2025-11-20 00:19:47 | [32mINFO[0m | rag_pipeline | get_all_documents:631 | User ufawad0@gmail.com (ID: 1) requesting all documents from vector store
2025-11-20 00:19:51 | [32mINFO[0m | rag_pipeline | get_all_documents:724 | Found 2 documents with 63 total chunks for user 1 across all domains
2025-11-20 00:19:51 | [32mINFO[0m | rag_pipeline | dispatch:36 | Request completed: GET /documents -> 200 (4023.16ms) [127.0.0.1]
2025-11-20 00:19:51 | [32mINFO[0m | rag_pipeline | dispatch:23 | Request started: GET /documents [127.0.0.1]
2025-11-20 00:19:51 | [32mINFO[0m | rag_pipeline | get_all_documents:724 | Found 2 documents with 63 total chunks for user 1 across all domains
2025-11-20 00:19:51 | [32mINFO[0m | rag_pipeline | get_all_documents:631 | User ufawad0@gmail.com (ID: 1) requesting all documents from vector store
2025-11-20 00:19:51 | [32mINFO[0m | rag_pipeline | dispatch:36 | Request completed: GET /documents -> 200 (4133.10ms) [127.0.0.1]
2025-11-20 00:19:55 | [32mINFO[0m | rag_pipeline | dispatch:23 | Request started: GET /auth/get_user [127.0.0.1]
2025-11-20 00:19:55 | [32mINFO[0m | rag_pipeline | dispatch:36 | Request completed: GET /auth/get_user -> 200 (3.39ms) [127.0.0.1]
2025-11-20 00:19:55 | [32mINFO[0m | rag_pipeline | dispatch:23 | Request started: GET /documents [127.0.0.1]
2025-11-20 00:19:55 | [32mINFO[0m | rag_pipeline | get_all_documents:631 | User ufawad0@gmail.com (ID: 1) requesting all documents from vector store
2025-11-20 00:19:55 | [32mINFO[0m | rag_pipeline | get_all_documents:724 | Found 2 documents with 63 total chunks for user 1 across all domains
2025-11-20 00:19:55 | [32mINFO[0m | rag_pipeline | dispatch:36 | Request completed: GET /documents -> 200 (3901.77ms) [127.0.0.1]
2025-11-20 00:20:01 | [32mINFO[0m | rag_pipeline | get_all_documents:724 | Found 2 documents with 63 total chunks for user 1 across all domains
2025-11-20 00:20:01 | [32mINFO[0m | rag_pipeline | dispatch:36 | Request completed: GET /documents -> 200 (6308.76ms) [127.0.0.1]
2025-11-20 00:20:01 | [32mINFO[0m | rag_pipeline | dispatch:23 | Request started: GET /documents [127.0.0.1]
2025-11-20 00:20:01 | [32mINFO[0m | rag_pipeline | get_all_documents:631 | User ufawad0@gmail.com (ID: 1) requesting all documents from vector store
2025-11-20 00:20:05 | [32mINFO[0m | rag_pipeline | get_all_documents:724 | Found 2 documents with 63 total chunks for user 1 across all domains
2025-11-20 00:20:05 | [32mINFO[0m | rag_pipeline | dispatch:36 | Request completed: GET /documents -> 200 (4295.34ms) [127.0.0.1]
2025-11-20 00:20:08 | [32mINFO[0m | rag_pipeline | get_all_documents:724 | Found 2 documents with 63 total chunks for user 1 across all domains
2025-11-20 00:20:08 | [32mINFO[0m | rag_pipeline | dispatch:36 | Request completed: GET /documents -> 200 (21445.22ms) [127.0.0.1]
2025-11-20 00:20:30 | [32mINFO[0m | rag_pipeline | dispatch:23 | Request started: GET /chat/models [127.0.0.1]
2025-11-20 00:20:30 | [32mINFO[0m | rag_pipeline | dispatch:36 | Request completed: GET /chat/models -> 200 (0.93ms) [127.0.0.1]
2025-11-20 00:20:30 | [32mINFO[0m | rag_pipeline | dispatch:23 | Request started: GET /chat/models [127.0.0.1]
2025-11-20 00:20:30 | [32mINFO[0m | rag_pipeline | dispatch:36 | Request completed: GET /chat/models -> 200 (0.49ms) [127.0.0.1]
2025-11-20 00:20:56 | [32mINFO[0m | rag_pipeline | dispatch:23 | Request started: POST /chat [127.0.0.1]
2025-11-20 00:20:56 | [32mINFO[0m | rag_pipeline | dispatch:36 | Request completed: POST /chat -> 422 (5.67ms) [127.0.0.1]
2025-11-20 00:21:13 | [32mINFO[0m | rag_pipeline | dispatch:23 | Request started: POST /chat [127.0.0.1]
2025-11-20 00:21:13 | [32mINFO[0m | rag_pipeline | chat:293 | User ufawad0@gmail.com (ID: 1) asking question in domain 'therapy'
2025-11-20 00:21:13 | [32mINFO[0m | rag_pipeline | _retrieve:385 | Starting document retrieval for query: 'What are key risks mentioned?...'
2025-11-20 00:21:13 | [32mINFO[0m | rag_pipeline | _retrieve_with_hybrid_strategy:242 | Starting retrieval for query: 'What are key risks mentioned?...'
2025-11-20 00:21:13 | [32mINFO[0m | rag_pipeline | _retrieve_with_hybrid_strategy:246 | Query preprocessed in 0.00s
2025-11-20 00:21:13 | [32mINFO[0m | rag_pipeline | _retrieve_with_hybrid_strategy:258 | About to call retriever.invoke() at 0.00s
2025-11-20 00:21:28 | [32mINFO[0m | rag_pipeline | _retrieve_with_hybrid_strategy:268 | Retriever returned 5 docs in 14.72s
2025-11-20 00:21:28 | [32mINFO[0m | rag_pipeline | _retrieve_with_hybrid_strategy:306 | Trying score-based filtering...
2025-11-20 00:21:30 | [32mINFO[0m | rag_pipeline | _retrieve_with_hybrid_strategy:350 | Final retrieval completed with 5 docs in 16.34s
2025-11-20 00:21:30 | [32mINFO[0m | rag_pipeline | _retrieve:393 | Retrieved 5 documents in 16.34s
2025-11-20 00:21:30 | [32mINFO[0m | rag_pipeline | _timed_llm_call:466 | Starting LLM generation for question: 'What are key risks mentioned?...'
2025-11-20 00:21:30 | [32mINFO[0m | rag_pipeline | _timed_llm_call:470 | Context formatted in 0.00s
2025-11-20 00:21:40 | [32mINFO[0m | rag_pipeline | _timed_llm_call:477 | LLM response generated in 9.96s
2025-11-20 00:21:40 | [32mINFO[0m | rag_pipeline | chat:308 | Chat completed for user 1 in domain 'therapy'
2025-11-20 00:21:40 | [32mINFO[0m | rag_pipeline | dispatch:36 | Request completed: POST /chat -> 200 (26476.18ms) [127.0.0.1]
2025-11-20 00:50:35 | [32mINFO[0m | rag_pipeline | dispatch:23 | Request started: GET /auth/get_user [127.0.0.1]
2025-11-20 00:50:35 | [32mINFO[0m | rag_pipeline | dispatch:36 | Request completed: GET /auth/get_user -> 200 (12.66ms) [127.0.0.1]
2025-11-20 00:50:36 | [32mINFO[0m | rag_pipeline | dispatch:23 | Request started: GET /auth/get_user [127.0.0.1]
2025-11-20 00:50:36 | [32mINFO[0m | rag_pipeline | dispatch:36 | Request completed: GET /auth/get_user -> 200 (16.19ms) [127.0.0.1]
2025-11-20 00:50:52 | [32mINFO[0m | rag_pipeline | dispatch:23 | Request started: GET /auth/get_user [127.0.0.1]
2025-11-20 00:50:52 | [32mINFO[0m | rag_pipeline | dispatch:36 | Request completed: GET /auth/get_user -> 200 (7.56ms) [127.0.0.1]
2025-11-20 00:51:01 | [32mINFO[0m | rag_pipeline | dispatch:23 | Request started: GET /auth/get_user [127.0.0.1]
2025-11-20 00:51:01 | [32mINFO[0m | rag_pipeline | dispatch:36 | Request completed: GET /auth/get_user -> 200 (3.32ms) [127.0.0.1]
2025-11-20 00:51:08 | [32mINFO[0m | rag_pipeline | dispatch:23 | Request started: GET /auth/get_user [127.0.0.1]
2025-11-20 00:51:08 | [32mINFO[0m | rag_pipeline | dispatch:36 | Request completed: GET /auth/get_user -> 200 (3.74ms) [127.0.0.1]
2025-11-20 00:51:09 | [32mINFO[0m | rag_pipeline | dispatch:23 | Request started: GET /documents [127.0.0.1]
2025-11-20 00:51:09 | [32mINFO[0m | rag_pipeline | dispatch:23 | Request started: GET /chat/models [127.0.0.1]
2025-11-20 00:51:09 | [32mINFO[0m | rag_pipeline | get_all_documents:631 | User ufawad0@gmail.com (ID: 1) requesting all documents from vector store
2025-11-20 00:51:09 | [32mINFO[0m | rag_pipeline | dispatch:36 | Request completed: GET /chat/models -> 200 (5.40ms) [127.0.0.1]
2025-11-20 00:51:09 | [32mINFO[0m | rag_pipeline | dispatch:23 | Request started: GET /chat/models [127.0.0.1]
2025-11-20 00:51:09 | [32mINFO[0m | rag_pipeline | dispatch:36 | Request completed: GET /chat/models -> 200 (0.59ms) [127.0.0.1]
2025-11-20 00:51:13 | [32mINFO[0m | rag_pipeline | get_all_documents:724 | Found 2 documents with 63 total chunks for user 1 across all domains
2025-11-20 00:51:13 | [32mINFO[0m | rag_pipeline | dispatch:36 | Request completed: GET /documents -> 200 (4121.06ms) [127.0.0.1]
2025-11-20 00:51:13 | [32mINFO[0m | rag_pipeline | dispatch:23 | Request started: GET /documents [127.0.0.1]
2025-11-20 00:51:13 | [32mINFO[0m | rag_pipeline | get_all_documents:631 | User ufawad0@gmail.com (ID: 1) requesting all documents from vector store
2025-11-20 00:51:16 | [32mINFO[0m | rag_pipeline | get_all_documents:724 | Found 2 documents with 63 total chunks for user 1 across all domains
2025-11-20 00:51:16 | [32mINFO[0m | rag_pipeline | dispatch:36 | Request completed: GET /documents -> 200 (3822.25ms) [127.0.0.1]
2025-11-20 00:52:20 | [32mINFO[0m | rag_pipeline | dispatch:23 | Request started: GET /documents [127.0.0.1]
2025-11-20 00:52:20 | [32mINFO[0m | rag_pipeline | dispatch:23 | Request started: GET /chat/models [127.0.0.1]
2025-11-20 00:52:20 | [32mINFO[0m | rag_pipeline | get_all_documents:631 | User ufawad0@gmail.com (ID: 1) requesting all documents from vector store
2025-11-20 00:52:20 | [32mINFO[0m | rag_pipeline | dispatch:36 | Request completed: GET /chat/models -> 200 (18.86ms) [127.0.0.1]
2025-11-20 00:52:24 | [32mINFO[0m | rag_pipeline | get_all_documents:724 | Found 2 documents with 63 total chunks for user 1 across all domains
2025-11-20 00:52:24 | [32mINFO[0m | rag_pipeline | dispatch:36 | Request completed: GET /documents -> 200 (3791.01ms) [127.0.0.1]
2025-11-20 00:52:34 | [32mINFO[0m | rag_pipeline | dispatch:23 | Request started: POST /chat [127.0.0.1]
2025-11-20 00:52:34 | [32mINFO[0m | rag_pipeline | chat:293 | User ufawad0@gmail.com (ID: 1) asking question in domain 'therapy'
2025-11-20 00:52:34 | [32mINFO[0m | rag_pipeline | _retrieve:385 | Starting document retrieval for query: 'What are key risks mentioned?...'
2025-11-20 00:52:34 | [32mINFO[0m | rag_pipeline | _retrieve_with_hybrid_strategy:242 | Starting retrieval for query: 'What are key risks mentioned?...'
2025-11-20 00:52:34 | [32mINFO[0m | rag_pipeline | _retrieve_with_hybrid_strategy:246 | Query preprocessed in 0.00s
2025-11-20 00:52:34 | [32mINFO[0m | rag_pipeline | _retrieve_with_hybrid_strategy:258 | About to call retriever.invoke() at 0.00s
2025-11-20 00:52:37 | [32mINFO[0m | rag_pipeline | _retrieve_with_hybrid_strategy:268 | Retriever returned 5 docs in 3.85s
2025-11-20 00:52:37 | [32mINFO[0m | rag_pipeline | _retrieve_with_hybrid_strategy:306 | Trying score-based filtering...
2025-11-20 00:52:39 | [32mINFO[0m | rag_pipeline | _retrieve_with_hybrid_strategy:350 | Final retrieval completed with 5 docs in 5.11s
2025-11-20 00:52:39 | [32mINFO[0m | rag_pipeline | _retrieve:393 | Retrieved 5 documents in 5.11s
2025-11-20 00:52:39 | [32mINFO[0m | rag_pipeline | _timed_llm_call:466 | Starting LLM generation for question: 'What are key risks mentioned?...'
2025-11-20 00:52:39 | [32mINFO[0m | rag_pipeline | _timed_llm_call:470 | Context formatted in 0.00s
2025-11-20 00:52:45 | [32mINFO[0m | rag_pipeline | _timed_llm_call:477 | LLM response generated in 6.18s
2025-11-20 00:52:45 | [32mINFO[0m | rag_pipeline | chat:308 | Chat completed for user 1 in domain 'therapy'
2025-11-20 00:52:45 | [32mINFO[0m | rag_pipeline | dispatch:36 | Request completed: POST /chat -> 200 (11330.61ms) [127.0.0.1]
2025-11-20 00:53:04 | [32mINFO[0m | rag_pipeline | dispatch:23 | Request started: GET /documents [127.0.0.1]
2025-11-20 00:53:04 | [32mINFO[0m | rag_pipeline | get_all_documents:631 | User ufawad0@gmail.com (ID: 1) requesting all documents from vector store
2025-11-20 00:53:07 | [32mINFO[0m | rag_pipeline | get_all_documents:724 | Found 2 documents with 63 total chunks for user 1 across all domains
2025-11-20 00:53:07 | [32mINFO[0m | rag_pipeline | dispatch:36 | Request completed: GET /documents -> 200 (3785.63ms) [127.0.0.1]
2025-11-20 00:53:07 | [32mINFO[0m | rag_pipeline | dispatch:23 | Request started: GET /documents [127.0.0.1]
2025-11-20 00:53:07 | [32mINFO[0m | rag_pipeline | get_all_documents:631 | User ufawad0@gmail.com (ID: 1) requesting all documents from vector store
2025-11-20 00:53:11 | [32mINFO[0m | rag_pipeline | get_all_documents:724 | Found 2 documents with 63 total chunks for user 1 across all domains
2025-11-20 00:53:11 | [32mINFO[0m | rag_pipeline | dispatch:36 | Request completed: GET /documents -> 200 (3803.13ms) [127.0.0.1]
2025-11-20 00:54:32 | [32mINFO[0m | rag_pipeline | log_shutdown:260 | ================================================================================
2025-11-20 00:54:32 | [32mINFO[0m | rag_pipeline | log_shutdown:261 | RAG Pipeline Server Shutting Down
2025-11-20 00:54:32 | [32mINFO[0m | rag_pipeline | log_shutdown:262 | Timestamp: 2025-11-20 00:54:32
2025-11-20 00:54:32 | [32mINFO[0m | rag_pipeline | log_shutdown:263 | ================================================================================
2025-11-20 01:20:47 | [32mINFO[0m | rag_pipeline | log_startup:251 | ================================================================================
2025-11-20 01:20:47 | [32mINFO[0m | rag_pipeline | log_startup:252 | RAG Pipeline Server Starting
2025-11-20 01:20:47 | [32mINFO[0m | rag_pipeline | log_startup:253 | Timestamp: 2025-11-20 01:20:47
2025-11-20 01:20:47 | [32mINFO[0m | rag_pipeline | log_startup:254 | Logs Directory: /Users/usman/Documents/Projects/rag-pipeline/logs
2025-11-20 01:20:47 | [32mINFO[0m | rag_pipeline | log_startup:255 | ================================================================================
2025-11-20 01:21:36 | [32mINFO[0m | rag_pipeline | dispatch:23 | Request started: GET /auth/get_user [127.0.0.1]
2025-11-20 01:21:36 | [32mINFO[0m | rag_pipeline | dispatch:36 | Request completed: GET /auth/get_user -> 200 (20.18ms) [127.0.0.1]
2025-11-20 01:21:36 | [32mINFO[0m | rag_pipeline | dispatch:23 | Request started: GET /chat/models [127.0.0.1]
2025-11-20 01:21:36 | [32mINFO[0m | rag_pipeline | dispatch:23 | Request started: GET /documents [127.0.0.1]
2025-11-20 01:21:36 | [32mINFO[0m | rag_pipeline | get_all_documents:631 | User ufawad0@gmail.com (ID: 1) requesting all documents from vector store
2025-11-20 01:21:36 | [32mINFO[0m | rag_pipeline | dispatch:36 | Request completed: GET /chat/models -> 200 (20.25ms) [127.0.0.1]
2025-11-20 01:21:36 | [32mINFO[0m | rag_pipeline | dispatch:23 | Request started: GET /chat/models [127.0.0.1]
2025-11-20 01:21:36 | [32mINFO[0m | rag_pipeline | dispatch:36 | Request completed: GET /chat/models -> 200 (9.29ms) [127.0.0.1]
2025-11-20 01:21:46 | [32mINFO[0m | rag_pipeline | get_all_documents:724 | Found 2 documents with 63 total chunks for user 1 across all domains
2025-11-20 01:21:46 | [32mINFO[0m | rag_pipeline | dispatch:36 | Request completed: GET /documents -> 200 (9610.91ms) [127.0.0.1]
2025-11-20 01:21:46 | [32mINFO[0m | rag_pipeline | dispatch:23 | Request started: GET /documents [127.0.0.1]
2025-11-20 01:21:46 | [32mINFO[0m | rag_pipeline | get_all_documents:631 | User ufawad0@gmail.com (ID: 1) requesting all documents from vector store
2025-11-20 01:21:47 | [32mINFO[0m | rag_pipeline | dispatch:23 | Request started: POST /chat [127.0.0.1]
2025-11-20 01:21:47 | [32mINFO[0m | rag_pipeline | chat:293 | User ufawad0@gmail.com (ID: 1) asking question in domain 'therapy'
2025-11-20 01:21:48 | [32mINFO[0m | rag_pipeline | _retrieve:385 | Starting document retrieval for query: 'What are key risks mentioned?...'
2025-11-20 01:21:48 | [32mINFO[0m | rag_pipeline | _retrieve_with_hybrid_strategy:242 | Starting retrieval for query: 'What are key risks mentioned?...'
2025-11-20 01:21:48 | [32mINFO[0m | rag_pipeline | _retrieve_with_hybrid_strategy:246 | Query preprocessed in 0.00s
2025-11-20 01:21:48 | [32mINFO[0m | rag_pipeline | _retrieve_with_hybrid_strategy:258 | About to call retriever.invoke() at 0.00s
2025-11-20 01:21:50 | [32mINFO[0m | rag_pipeline | get_all_documents:724 | Found 2 documents with 63 total chunks for user 1 across all domains
2025-11-20 01:21:50 | [32mINFO[0m | rag_pipeline | dispatch:36 | Request completed: GET /documents -> 200 (4003.80ms) [127.0.0.1]
2025-11-20 01:21:54 | [32mINFO[0m | rag_pipeline | _retrieve_with_hybrid_strategy:268 | Retriever returned 5 docs in 5.87s
2025-11-20 01:21:54 | [32mINFO[0m | rag_pipeline | _retrieve_with_hybrid_strategy:306 | Trying score-based filtering...
2025-11-20 01:21:54 | [32mINFO[0m | rag_pipeline | _retrieve_with_hybrid_strategy:350 | Final retrieval completed with 5 docs in 6.83s
2025-11-20 01:21:54 | [32mINFO[0m | rag_pipeline | _retrieve:393 | Retrieved 5 documents in 6.84s
2025-11-20 01:21:54 | [32mINFO[0m | rag_pipeline | _timed_llm_call:466 | Starting LLM generation for question: 'What are key risks mentioned?...'
2025-11-20 01:21:54 | [32mINFO[0m | rag_pipeline | _timed_llm_call:470 | Context formatted in 0.00s
2025-11-20 01:22:01 | [32mINFO[0m | rag_pipeline | _timed_llm_call:477 | LLM response generated in 6.39s
2025-11-20 01:22:01 | [32mINFO[0m | rag_pipeline | chat:308 | Chat completed for user 1 in domain 'therapy'
2025-11-20 01:22:01 | [32mINFO[0m | rag_pipeline | dispatch:36 | Request completed: POST /chat -> 200 (13387.76ms) [127.0.0.1]
